plant_index,state,flow_m3_per_day,median_bootstrap_all,p2_5_bootstrap_all,p97_5_bootstrap_all,mean_bootstrap_all,elec_mu_usd_per_kwh_bootstrap_all,ng_mu_usd_per_mj_bootstrap_all,median_bootstrap_biogas,p2_5_bootstrap_biogas,p97_5_bootstrap_biogas,mean_bootstrap_biogas,elec_mu_usd_per_kwh_bootstrap_biogas,ng_mu_usd_per_mj_bootstrap_biogas,median_heavy_tail,p2_5_heavy_tail,p97_5_heavy_tail,mean_heavy_tail,elec_mu_usd_per_kwh_heavy_tail,ng_mu_usd_per_mj_heavy_tail
0,ME,53752.8473328,52876.38274098327,1458.4075123117623,307091.8582701953,79797.85701916544,0.12300000000000001,0.009542088173116978,30805.830620955538,7490.995792751995,245219.5652423802,51290.92277197687,0.12300000000000001,0.009542088173116978,18027.082450762653,3592.955975611554,86424.26516796269,25196.74506220153,0.12300000000000001,0.009542088173116978
1,WA,461820.237648,298221.0218348957,7965.394304765172,1677170.412407264,442533.2941817051,0.0635,0.010391288364600118,173647.09988029895,42734.905768710116,1388576.656953907,292827.3317513199,0.0635,0.010391288364600118,99578.2797596503,20292.38504948184,500464.1458337287,139947.22914304986,0.0635,0.010391288364600118
2,WI,21198.3059904,14595.817922362818,402.0552097905901,80755.36839614096,21512.41317623046,0.0868,0.006263992810294974,8541.758406378658,2064.2222707770215,67561.36936226676,14258.322553353137,0.0868,0.006263992810294974,4851.913038613011,913.5604855514423,23912.55830895171,6781.128359649974,0.0868,0.006263992810294974
3,NY,272549.648448,175135.87064846492,4745.968569616625,1005686.7973059196,264478.7187506366,0.0687,0.009496432248843693,105382.17726740165,26216.194171210795,830440.5212866557,177795.76775634894,0.0687,0.009496432248843693,59418.031097666,12251.0172757655,295638.98052566964,83675.16504484523,0.0687,0.009496432248843693
4,WI,8327.905924800001,5581.236922977747,159.3381502165092,32518.445924562366,8504.16345157386,0.0868,0.006263992810294974,3316.608165066748,822.8326528149297,26419.805216892684,5586.732154611863,0.0868,0.006263992810294974,1929.3627203646784,373.52730455454895,9603.497646408525,2713.4243968290084,0.0868,0.006263992810294974
5,PA,57538.2591168,42157.46795562829,1122.6821530322466,245236.88112132804,62669.6007452373,0.0775,0.010747404573931755,24523.07576935493,6177.528073330324,195559.2990038403,40561.91498579183,0.0775,0.010747404573931755,14167.250196263733,2819.5954752551456,70977.01987859025,20057.78679704459,0.0775,0.010747404573931755
6,IN,90849.882816,59742.38666952141,1804.0482176627331,338790.98646669183,88940.19490660648,0.0824,0.006218336886021686,34749.86215368371,8728.263490829713,270381.57818452996,58332.859752891694,0.0824,0.006218336886021686,19728.75669657174,3863.066329977987,95071.43572347863,27237.065273982775,0.0824,0.006218336886021686
7,CA,58295.341473600005,85322.88037744883,2187.5824180000864,477945.61401312036,126472.41499609305,0.1864,0.012847577090502956,49802.01180579884,12775.091679607207,395249.1632514352,84120.51017565904,0.1864,0.012847577090502956,27948.82494672475,5650.560174130741,139458.6916993739,39216.246446656565,0.1864,0.012847577090502956
8,TX,628378.3561440001,284725.6700214521,8442.153965842006,1624941.6854992928,425284.76035350113,0.066,0.0022554026591003772,165722.34275744605,41295.804919619084,1311950.6967679001,273953.4612144515,0.066,0.0022554026591003772,96094.1466315263,19491.85124366757,466424.2947440147,134253.40939610463,0.066,0.0022554026591003772
9,NJ,321760.00164000003,303156.1859935736,8516.661255555575,1660703.837822528,439090.5987805541,0.1168,0.008409821251139463,173712.17299816012,42597.25614371085,1379613.5191802895,292103.5770707981,0.1168,0.008409821251139463,97929.30131939458,19658.335939956854,489117.2544348308,137138.28335517546,0.1168,0.008409821251139463
10,FL,18927.05892,13679.122144537536,388.7326805197759,78466.93578130908,20627.29739216302,0.09390000000000001,0.0065470595407893534,8119.288051908154,1940.72002246411,63804.81120827639,13721.821157745857,0.09390000000000001,0.0065470595407893534,4662.1758786545115,899.3939658234692,22846.76068578357,6510.402358529932,0.09390000000000001,0.0065470595407893534
11,FL,425858.8257,319885.54030908714,8615.42072668368,1761216.1903523356,471773.2766377758,0.09390000000000001,0.0065470595407893534,183319.14589778637,44283.4037238117,1456930.5135789996,312955.8965197688,0.09390000000000001,0.0065470595407893534,103459.7559802263,20353.227367666932,524107.76212180726,146058.6596918081,0.09390000000000001,0.0065470595407893534
12,TN,340687.06056,167215.06213946067,4852.605649646138,944910.1717269913,249783.7924713349,0.0623,0.005031282854916225,100801.22510811573,24853.85081015733,789394.3651691565,169990.59383986483,0.0623,0.005031282854916225,57640.36882937591,12240.232087776942,289440.02013994823,80126.40823294618,0.0623,0.005031282854916225
13,NY,49588.894370400005,32159.686945906313,941.4664854288865,182639.6807256842,48340.042360834006,0.0687,0.009496432248843693,19110.411457230075,4609.321419742229,151969.0371853067,32426.36725798909,0.0687,0.009496432248843693,10794.895922833528,2219.9420046949685,54026.78076101599,15200.594675080294,0.0687,0.009496432248843693
14,MI,96528.000492,67629.80558726007,1800.8600081096422,374955.2437244648,99643.8720532963,0.0816,0.007761507126458787,38595.398960855404,9613.782076893645,308122.50450361386,64899.10453526416,0.0816,0.007761507126458787,22314.063383890694,4566.325188656289,110511.54527132868,31162.156562363656,0.0816,0.007761507126458787
15,IL,94635.2946,60476.315922591355,1761.5816518005377,352980.9960098577,92319.92642016799,0.08199999999999999,0.00683925745613839,36762.815633310514,8668.361307640738,290442.14850756095,61270.79678414414,0.08199999999999999,0.00683925745613839,20990.033748021124,4170.826621751991,103180.58059526414,29139.659527732278,0.08199999999999999,0.00683925745613839
16,IL,34068.706056,22515.648904581045,648.1885690798036,126267.07739025346,33971.69259666272,0.08199999999999999,0.00683925745613839,13280.817943818922,3185.42636944551,106132.46914620539,22294.796815070076,0.08199999999999999,0.00683925745613839,7730.559103793101,1545.791715968446,37662.162088538644,10674.954405718065,0.08199999999999999,0.00683925745613839
17,IN,219932.42465040003,141933.12352812718,4034.858667860166,805850.0582642155,209562.50200683542,0.0824,0.006218336886021686,83905.60466703973,20924.312387461814,665372.9596408593,142468.87166960922,0.0824,0.006218336886021686,48099.488600264114,9734.75573502641,239955.6378263939,67254.04113889397,0.0824,0.006218336886021686
18,CA,32554.541342399996,46738.56417871964,1424.517844803527,267896.704823594,70490.07981085146,0.1864,0.012847577090502956,27645.22555331618,6924.687192703722,222688.66255299028,46801.30928512882,0.1864,0.012847577090502956,15684.253776103276,3185.8634067282505,78942.94461130303,22202.222683581953,0.1864,0.012847577090502956
19,TX,416395.29624,189792.09548021285,5513.6575678606805,1045479.9736835534,277999.1107051979,0.066,0.0022554026591003772,111513.62891793807,27005.25348596692,879904.7657596248,184929.06123810462,0.066,0.0022554026591003772,64172.69231633549,13197.903936115574,323547.32190476236,89432.39783397007,0.066,0.0022554026591003772
20,WI,2271.2470704,1521.4869237825915,43.48019759853772,8915.12066847704,2297.880383732576,0.0868,0.006263992810294974,899.4488512212308,227.32591616608968,7107.497568553528,1499.6052018003882,0.0868,0.006263992810294974,525.0618664877425,102.91749126678862,2618.1036578766816,732.3436011622456,0.0868,0.006263992810294974
21,KS,54888.470868,32580.163404115043,863.183677729613,184347.3795214586,48365.052882041564,0.0764,0.005076938779189512,18909.85654824566,4645.387014146444,150295.79979226596,32316.518164096182,0.0764,0.005076938779189512,10829.14208503675,2166.945584908165,52380.36526782063,15066.337776746175,0.0764,0.005076938779189512
22,MO,77979.48275040001,53956.72279612312,1587.2357739424233,300346.79198379925,79081.17019682481,0.079,0.008756806275616444,32283.879678166923,8257.579474295244,252817.2078862925,54530.61998966695,0.079,0.008756806275616444,18606.789279772587,3643.828479461126,92466.40683284347,25943.891528375752,0.079,0.008756806275616444
23,CA,76465.3180368,111490.97525994157,3263.5312801009,631835.9256358779,166337.60977846663,0.1864,0.012847577090502956,65454.87113148125,16108.646434617805,518079.0833634464,110046.61702005682,0.1864,0.012847577090502956,37182.29013029279,7548.834310691495,189194.77260656242,52513.59665180528,0.1864,0.012847577090502956
24,CA,454249.41408,649946.6211581083,19803.896832675997,3643224.58512529,963138.5046513597,0.1864,0.012847577090502956,385577.0256084613,95300.24870320353,2973758.285804046,639327.7908984706,0.1864,0.012847577090502956,217767.83946182282,45850.898831918705,1095110.233282526,306476.6142035521,0.1864,0.012847577090502956
25,OR,49210.353192,30488.933915282767,862.9478131506265,178337.12371292184,46023.82052628487,0.07519999999999999,0.007286685514016603,18620.295776738123,4563.107519331261,144446.63714859245,31211.341684982322,0.07519999999999999,0.007286685514016603,10513.165595643706,2189.535144073077,53159.68212120709,14838.276202145556,0.07519999999999999,0.007286685514016603
26,CA,43532.235516,62250.30709141981,1519.421526445609,352269.826719173,92323.41661989619,0.1864,0.012847577090502956,37016.25403016257,9104.452864907396,292202.07762339077,62589.28522340164,0.1864,0.012847577090502956,21298.072142876845,4339.131555433368,103719.71922437577,29380.7420909586,0.1864,0.012847577090502956
27,CA,153347.03136984,222542.30837314387,6450.584345846904,1256634.8216284537,332857.4403729248,0.1864,0.012847577090502956,130084.23114838701,32615.648583788374,1041628.989271001,220530.0667284573,0.1864,0.012847577090502956,74736.50432724749,14954.72069619026,369003.21653457155,103793.20814250429,0.1864,0.012847577090502956
28,NC,242266.354176,141626.9439461177,3999.727667775148,806752.9486584839,212855.30185051492,0.07150000000000001,0.006127025037475113,84352.39814358746,20805.949832746235,673482.6392433554,140777.52009893526,0.07150000000000001,0.006127025037475113,47677.489376932106,9718.458859009435,232026.38460866708,65885.09765614585,0.07150000000000001,0.006127025037475113
29,MI,22712.470704000003,15958.93674883643,489.1786196306173,90093.93083184196,23755.65679690555,0.0816,0.007761507126458787,9182.654884501715,2213.9549461651222,72238.60836759486,15382.780752166285,0.0816,0.007761507126458787,5240.871451931425,1054.5866332741841,27064.841362699775,7394.669665735458,0.0816,0.007761507126458787
30,MI,2195.53883472,1515.1315741745634,42.211531856736265,8304.513019682936,2230.3325099826693,0.0816,0.007761507126458787,887.2798901484855,226.56064080325464,7003.683596873608,1469.6560670282279,0.0816,0.007761507126458787,490.5971009385821,99.50282820575907,2479.327598760123,690.0471244362726,0.0816,0.007761507126458787
31,CA,94635.2946,139576.0967250547,3616.3944429859384,763387.9074190991,204959.02302071138,0.1864,0.012847577090502956,79162.2991742214,20481.327781799493,640856.3026106851,134121.21717505693,0.1864,0.012847577090502956,45447.787364729855,9043.522416397032,228089.23317513522,63974.31571006601,0.1864,0.012847577090502956
32,WI,7267.99062528,4879.873743911641,142.75590965197907,27401.225578120346,7297.260580129314,0.0868,0.006263992810294974,2903.0793286368416,713.233378148087,23206.199474350342,4930.210764812024,0.0868,0.006263992810294974,1667.5296872989943,336.784784805907,8419.192461188195,2325.6944745650408,0.0868,0.006263992810294974
33,WI,49967.43554879999,33748.78898926715,977.4972913445023,194696.68229700954,51386.74489449897,0.0868,0.006263992810294974,19823.270054279565,4764.020994253401,157145.5286028573,33102.33872561923,0.0868,0.006263992810294974,11189.909010576564,2184.742516639059,57444.360799364156,15912.998074051357,0.0868,0.006263992810294974
34,IL,155201.88314400002,101116.42751131131,2785.0146853411275,581399.9140720145,151302.33539226427,0.08199999999999999,0.00683925745613839,60422.26125346752,14722.228180896665,477543.84809568955,102370.18048314328,0.08199999999999999,0.00683925745613839,34382.554130709774,6866.336538915695,169991.26325087773,48092.12260866002,0.08199999999999999,0.00683925745613839
35,WA,154823.3419656,98002.07255621265,2760.26974835384,551605.222598639,145245.69319228755,0.0635,0.010391288364600118,58576.386234829006,14593.556844054505,468247.52305338206,97639.99039957141,0.0635,0.010391288364600118,32980.13747192948,6630.446703447767,164449.0478640238,46439.49585514003,0.0635,0.010391288364600118
36,CA,89714.2592808,127074.05796304133,3259.7113305138637,726314.0704520519,192770.66733931896,0.1864,0.012847577090502956,76153.37414827946,19132.018451858647,613830.0047148858,127256.10425493012,0.1864,0.012847577090502956,43133.01693092617,8944.625549472647,220896.2269250659,61833.3610484056,0.1864,0.012847577090502956
37,CA,11356.235352000002,16371.535719628102,466.42918137450107,93991.51497494904,24401.02404878047,0.1864,0.012847577090502956,9540.77612388832,2366.871569589297,76395.84652312116,16060.830904591849,0.1864,0.012847577090502956,5546.586597396532,1123.8331688685012,27618.86145495667,7746.436382038983,0.1864,0.012847577090502956
38,NY,151416.47136,101681.55544059127,2864.884045504498,558893.7485362442,149472.42176814418,0.0687,0.009496432248843693,58173.439047606924,14692.083646289115,462344.9344007555,97409.16460934751,0.0687,0.009496432248843693,32504.08765303751,6569.339975751017,162993.8923966478,45739.574015811144,0.0687,0.009496432248843693
39,OR,20819.764812,13146.314941630253,383.5708109488633,75450.04603586996,19788.141530495734,0.07519999999999999,0.007286685514016603,7803.1702730056495,1866.5616975264168,61399.52927266998,13106.770173785939,0.07519999999999999,0.007286685514016603,4357.8932303879155,895.4216296888145,21690.354612510368,6109.914872354903,0.07519999999999999,0.007286685514016603
40,OR,64352.00032800001,41772.31702985501,1090.0043899422913,228878.10761260908,60825.432310026285,0.07519999999999999,0.007286685514016603,23856.98307574566,5878.485287896125,190975.91885936086,39648.81137654965,0.07519999999999999,0.007286685514016603,13862.522113773844,2981.616908420205,68051.07760192451,19252.268927628094,0.07519999999999999,0.007286685514016603
41,UT,283905.8838,183718.7979902783,5560.683991631188,1062751.0797540182,278385.2942777375,0.0699,0.009122053669802739,109434.344575386,26759.36357115791,866785.4259084078,185134.37154019967,0.0699,0.009122053669802739,62485.46760541137,12641.699557754799,310761.9689813654,87008.78009632141,0.0699,0.009122053669802739
42,CA,378541.1784,554225.1907845114,14939.976138877813,3166206.570795122,828487.889425422,0.1864,0.012847577090502956,319461.32129117404,76604.91723149426,2599221.478243104,540772.4411856631,0.1864,0.012847577090502956,183230.51519622287,37909.16834568449,918756.61567195,257538.22801745037,0.1864,0.012847577090502956
43,CA,75708.23568,109855.8893281265,3191.394261950091,617774.0759131921,161099.84500803475,0.1864,0.012847577090502956,63952.12309752987,15943.921391582386,500400.07057269226,104629.07115469652,0.1864,0.012847577090502956,36599.49277197459,7137.314251740228,182079.89761318328,50829.789764493136,0.1864,0.012847577090502956
44,WI,4883.18120136,3304.9666823972602,93.823728613238,18373.327655022018,4945.502874548201,0.0868,0.006263992810294974,1950.5503064823438,475.07274091676805,15542.560776381972,3231.8179249327445,0.0868,0.006263992810294974,1123.0613784634957,221.8175230247171,5743.601303758345,1579.7881138593445,0.0868,0.006263992810294974
45,CA,105991.529952,151196.29653063833,4125.9171937756955,861849.9494627472,225158.19222761315,0.1864,0.012847577090502956,89856.40684629444,22148.146073681946,716831.9638491588,150794.31277627824,0.1864,0.012847577090502956,51560.92215206681,10151.198217858193,256785.18446711104,72628.16867950483,0.1864,0.012847577090502956
46,WI,202898.0716224,138313.8777693317,4020.3761520703515,787019.3458645449,203532.55870157256,0.0868,0.006263992810294974,80606.53277721808,19958.18541235387,640969.804387545,134685.23085901956,0.0868,0.006263992810294974,45602.91977281416,9310.572651126993,227259.58317438173,64139.333417138754,0.0868,0.006263992810294974
47,WI,11602.28711796,7777.229824882566,221.28476607794778,44563.18907625849,11619.35504770585,0.0868,0.006263992810294974,4572.379004378232,1156.0578321458886,36750.97993492081,7661.5913453852745,0.0868,0.006263992810294974,2633.5201113822754,539.1841816066127,13294.458407066835,3677.555433371035,0.0868,0.006263992810294974
48,OH,340687.06056,205846.63976762298,5831.823928274758,1158741.715932112,307298.90375431435,0.0703,0.007067537077504825,121340.75327965942,30673.184123984083,956042.4206146165,204649.482671699,0.0703,0.007067537077504825,69334.28076319947,13915.415119649031,346816.08098616835,97216.41679398126,0.0703,0.007067537077504825
49,MI,189270.5892,130829.45261332598,3899.8911805882676,736359.2503570763,194215.0270305366,0.0816,0.007761507126458787,76366.80652999433,18616.335201805497,610177.5301126845,127414.41348907762,0.0816,0.007761507126458787,44186.19220604623,8980.213414879068,217898.1756403579,61482.70706678856,0.0816,0.007761507126458787
50,MI,57916.80029520001,40780.51846160652,1178.3368935739122,234946.32394199006,60408.59475083132,0.0816,0.007761507126458787,23478.813630723744,5683.038772204732,187580.23992672938,39610.466917844285,0.0816,0.007761507126458787,13400.437307816239,2644.2476524844137,66179.03061621422,18613.97061868633,0.0816,0.007761507126458787
51,IL,30283.294272000003,20369.30103282712,573.4239245352154,113379.0925037279,30180.174949725486,0.08199999999999999,0.00683925745613839,11787.730565693942,2831.4080262045472,92928.68452233932,19723.07957438172,0.08199999999999999,0.00683925745613839,6787.033204854384,1413.6268602112104,34077.319910789054,9601.987009216504,0.08199999999999999,0.00683925745613839
52,IL,151416.47136,98959.35664942741,2857.704202189354,571913.141524136,150097.71208876424,0.08199999999999999,0.00683925745613839,59735.1745664046,14444.32986327381,472112.2761298731,100370.25119847555,0.08199999999999999,0.00683925745613839,34062.1141927898,6718.277725052872,170130.34177396004,47615.98279438405,0.08199999999999999,0.00683925745613839
53,WA,340.68706056,212.7569149410986,5.976216285735817,1246.5648771803772,322.3810291402356,0.0635,0.010391288364600118,127.23590919301364,32.97400748429187,1029.853747158335,215.08508369859638,0.0635,0.010391288364600118,74.27598082311198,14.828860700744784,356.520695903054,102.38712515352442,0.0635,0.010391288364600118
54,CA,25362.2589528,36007.64478156463,1029.3848318974872,210338.04798731094,53976.75112062553,0.1864,0.012847577090502956,21391.43562744274,5205.685463426038,169466.7137790706,35644.416089422426,0.1864,0.012847577090502956,12235.094647635917,2498.3817506241876,60432.155399208,17156.82922738117,0.1864,0.012847577090502956
55,CA,49210.353192,71623.1257701868,2084.1139629612226,401551.0052274576,106356.20568780157,0.1864,0.012847577090502956,41409.06234863622,10350.875171573654,336038.40797633806,70250.9248442658,0.1864,0.012847577090502956,23715.129502404183,4787.3674598977705,116818.56290730528,33017.55225873688,0.1864,0.012847577090502956
56,NY,17034.353028,11221.834422741167,321.0706284683819,63475.177391239115,16740.280978903604,0.0687,0.009496432248843693,6550.957890677419,1604.9870997603794,52049.284663469516,10943.631160457606,0.0687,0.009496432248843693,3770.1802742616082,737.7009583311949,19014.380794787798,5287.031299664578,0.0687,0.009496432248843693
57,NM,51103.059084,23223.877862744557,654.2627485713891,132560.65254981862,34811.32426700486,0.0575,0.004611248351601985,13745.956819981286,3311.0088180887287,110580.52999445212,23324.008051491357,0.0575,0.004611248351601985,7875.254295116296,1648.181253411538,38762.11043922955,11004.431242631626,0.0575,0.004611248351601985
58,CA,112048.1888064,161273.80145867728,4708.664509308119,893409.5491671312,238178.5816857841,0.1864,0.012847577090502956,94513.04231038023,23192.66792946681,734027.7047453662,157620.17734343492,0.1864,0.012847577090502956,54256.223338331554,11339.173733319732,275459.0803160969,75919.12268978216,0.1864,0.012847577090502956
59,CA,302832.94272,441968.79636251484,12245.229282956163,2517078.796618418,652891.2080451704,0.1864,0.012847577090502956,256389.77217790036,65516.145982743976,2065324.9933627679,436205.3747302705,0.1864,0.012847577090502956,146688.9317183228,29225.139595525307,743215.6793831886,205913.55864542717,0.1864,0.012847577090502956
60,VT,12491.858887199998,10018.177183013817,277.1390745782047,56913.07902983911,14951.820577510753,0.1127,0.005195644182300059,5908.448023691557,1465.626871752456,46863.03036690522,9934.858336901683,0.1127,0.005195644182300059,3405.304153219352,696.433138423516,17045.91126663359,4709.707068146384,0.1127,0.005195644182300059
61,WA,43153.694337600005,28072.018569634645,825.0971953078205,154530.67027745035,41276.43656155574,0.0635,0.010391288364600118,16086.413047448554,4007.5977846973456,130106.48660347529,27007.118696786867,0.0635,0.010391288364600118,9314.716884939058,1959.5393445407165,46509.98025530964,13092.657734208473,0.0635,0.010391288364600118
62,WI,45424.941408000006,31071.512675593945,919.249039060863,175636.3219015146,46498.74292156289,0.0868,0.006263992810294974,18282.206124705735,4457.260272827484,144680.9258683295,30911.25725402799,0.0868,0.006263992810294974,10494.645284695032,2059.4732363590842,51781.368251493266,14731.88716410621,0.0868,0.006263992810294974
63,WI,31040.3766288,21144.371872161228,552.0122143003573,120472.46918872165,31523.768971519818,0.0868,0.006263992810294974,12405.708119309267,3091.095107323884,98393.69415404928,20790.195427709194,0.0868,0.006263992810294974,7208.384518565066,1492.185199053469,34609.82548809696,9978.54262259082,0.0868,0.006263992810294974
64,NH,60566.588544000006,75143.94209732645,2098.5735273343716,439814.2914752711,113379.93649867924,0.1576,0.012107951117275707,44481.52527576812,10720.204384402623,353005.80743056873,75203.78849740136,0.1576,0.012107951117275707,26069.09034699919,5207.0011935082,127126.12443991075,36236.03166846712,0.1576,0.012107951117275707
65,CA,20819.764812,30265.29714062971,788.6398831418607,172393.63021556448,45472.547573897966,0.1864,0.012847577090502956,17691.320937342924,4358.935675683258,142326.68154562192,29916.433907008362,0.1864,0.012847577090502956,10202.785731775399,2097.4122994884806,49805.430630557625,14197.935813590202,0.1864,0.012847577090502956
66,CA,51103.059084,73526.3443192495,2033.9651641664334,424070.5363286588,110372.91876389203,0.1864,0.012847577090502956,43537.46456379036,10394.386898854256,343540.1051432794,72992.0129524076,0.1864,0.012847577090502956,25043.99548229253,4999.178890125005,116222.03287490405,34284.50211757374,0.1864,0.012847577090502956
67,CA,52995.764976000006,77007.02650414115,2074.6897894815297,437415.6924373652,114124.3294496834,0.1864,0.012847577090502956,44762.72134628109,11326.866025570243,356918.07118636096,76241.67502462314,0.1864,0.012847577090502956,25559.92448216964,5396.149067170616,129386.33395977189,35891.17043774976,0.1864,0.012847577090502956
68,WI,12113.3177088,8271.89741218224,231.22223819263272,47170.99950810963,12350.385785932835,0.0868,0.006263992810294974,4838.453289296234,1176.895657917998,37890.02771712432,8077.6853536919,0.0868,0.006263992810294974,2792.9426800161896,545.8285071060765,13294.445367319271,3856.9302209751286,0.0868,0.006263992810294974
69,CT,151416.47136,171524.97836996184,5046.536678838017,995881.6436018278,260127.79462795888,0.15689999999999998,0.007925868453842619,101550.33805061555,25390.676376066363,799771.1988752679,170223.4875914758,0.15689999999999998,0.007925868453842619,58168.52403385111,11915.667929416397,289636.67588504823,81558.36851352883,0.15689999999999998,0.007925868453842619
70,OH,70030.118004,43338.01781143471,1224.3791767046887,236368.19770086423,63350.164182689325,0.0703,0.007067537077504825,24723.12489351022,5813.8337123985475,195719.66158033337,41946.42611060824,0.0703,0.007067537077504825,14020.756804724318,2791.7257313725704,71581.10002242395,19673.36340892209,0.0703,0.007067537077504825
71,MA,18927.05892,27317.127438627238,780.258158239487,149725.2652440931,39750.867886157015,0.1788,0.012126213486985022,15307.151365512687,3843.5637072255677,119011.05191171526,25574.87546458688,0.1788,0.012126213486985022,8665.740093880953,1800.429495989474,43729.17588876243,12155.588034337314,0.1788,0.012126213486985022
72,NJ,412761.30092736,381654.32480412617,10836.789717840156,2120832.4109691926,562225.0609382406,0.1168,0.008409821251139463,220786.44873695442,51693.68547605386,1759848.8301571694,368890.555856885,0.1168,0.008409821251139463,128553.26814120254,26671.76613054106,642027.3059384386,179299.52620556884,0.1168,0.008409821251139463
73,OR,85550.3063184,54307.87391034917,1340.7067234026074,307924.4172044234,80583.57711824555,0.07519999999999999,0.007286685514016603,31643.115079347328,7680.102206798916,251196.15880780903,53421.28321271366,0.07519999999999999,0.007286685514016603,18350.179617588714,3824.6433227352927,88239.63596941266,25522.48659736387,0.07519999999999999,0.007286685514016603
74,NY,20062.6824552,13401.175946010982,368.8966164698456,75604.5208275597,19819.17799715911,0.0687,0.009496432248843693,7709.079169019594,1997.9006750250498,61630.260440468846,13106.929625661951,0.0687,0.009496432248843693,4345.611666593945,869.5478299502798,21453.236606158312,6036.7567201330485,0.0687,0.009496432248843693
75,AZ,22712.470704000003,14721.40714724737,414.608253180158,84794.08591421778,22054.912210706963,0.08109999999999999,0.006337042289132233,8686.578812954282,2155.752966252892,68779.7714006826,14570.900402081543,0.08109999999999999,0.006337042289132233,5036.903662529739,1015.0542790591379,24453.806794158256,6991.951839912113,0.08109999999999999,0.006337042289132233
76,NJ,302832.94272,268479.6318370673,7693.401998806608,1553333.3772689456,405841.18411852524,0.1168,0.008409821251139463,163842.70999426028,42135.14887060097,1304453.1791243597,277100.9466729025,0.1168,0.008409821251139463,92200.51089113281,18620.727866589987,459677.44991512,130596.12513696741,0.1168,0.008409821251139463
77,IA,49361.76966336,28235.748899741782,805.3185579893455,158360.93602024484,41928.00522565434,0.0691,0.006446616507388122,16858.629218864,4051.3833037126988,133212.63278996525,28398.432618723757,0.0691,0.006446616507388122,9501.259883644914,1899.14156237532,46771.22137814106,13198.434331139522,0.0691,0.006446616507388122
78,ID,18927.05892,11067.025113952672,317.24964415204664,64123.24461869579,16543.405432407628,0.0717,0.0060722379283471685,6454.778628593763,1573.1924262488174,52492.862505055025,10927.605707324436,0.0717,0.0060722379283471685,3634.462513031189,754.879374925612,17555.943075324256,5108.87478072643,0.0717,0.0060722379283471685
79,MN,36339.9531264,25241.05442029074,725.5478631259576,141427.0239347619,37644.50555647744,0.092,0.00564307224017827,14890.572654718624,3640.17183765101,119296.66934068159,25242.806370488895,0.092,0.00564307224017827,8507.867428640695,1723.3964841296543,41479.599324604336,11766.743096459797,0.092,0.00564307224017827
80,CA,124918.588872,181633.66611930606,5185.348512330798,1046937.0200243765,271276.535162315,0.1864,0.012847577090502956,106192.71464549392,25062.48694671043,834094.9919140156,174661.40395219525,0.1864,0.012847577090502956,59939.96139853232,12329.702993033474,302443.554439697,84040.58078626961,0.1864,0.012847577090502956
81,CA,109776.941736,160391.36651398602,4462.3934098384,907925.9418382635,237820.25365723853,0.1864,0.012847577090502956,93067.05305844356,23627.32827239543,741642.7683799725,155934.85967907062,0.1864,0.012847577090502956,52316.84161178069,10415.785929485553,250266.82836118477,72358.12509067498,0.1864,0.012847577090502956
82,CA,813863.5335600001,1231393.0691376221,36141.650456024254,6624091.542694196,1787730.330883785,0.1864,0.012847577090502956,690181.8466772537,169209.78081404354,5381466.546660723,1142655.9901589882,0.1864,0.012847577090502956,401945.5426017293,79765.90075508834,1982847.4754231968,560703.7935860914,0.1864,0.012847577090502956
83,OH,17034.353028,10031.767164534507,286.3002541017945,56917.24787644085,15168.978553881556,0.0703,0.007067537077504825,5989.161640920038,1547.1826073958136,48061.03879913008,10259.964211382965,0.0703,0.007067537077504825,3475.7299708508126,685.6650264078128,17192.03407772519,4906.731127679094,0.0703,0.007067537077504825
84,MI,567.8117676,390.03458894767346,9.942856294362029,2213.5809509650985,586.0825599504158,0.0816,0.007761507126458787,230.7280953924301,55.15057540515765,1809.251680700623,384.4944146919767,0.0816,0.007761507126458787,131.40514004441297,25.328381632037882,680.9048648385991,186.608409743131,0.0816,0.007761507126458787
85,IL,41639.529624,27649.62980730884,783.1803982388376,156256.4099199633,41216.265539061285,0.08199999999999999,0.00683925745613839,16451.78430357574,4149.427311188694,131630.2891859985,27756.303371569753,0.08199999999999999,0.00683925745613839,9418.875322761092,1879.5273218380075,47930.67021814078,13207.296285371172,0.08199999999999999,0.00683925745613839
86,IN,68137.412112,44207.20634361809,1246.6559416927985,253830.08036936822,65659.53292993928,0.0824,0.006218336886021686,25905.640365489577,6301.117421006529,206678.42048518965,43669.74567201764,0.0824,0.006218336886021686,15126.518219935395,3051.1346197515877,73412.14365271815,20992.812334564165,0.0824,0.006218336886021686
87,CA,41639.529624,59455.70394884479,1728.637459015566,342796.19014846126,90059.64542229702,0.1864,0.012847577090502956,35169.07487488947,8853.78693597481,282497.5261535001,60195.96458733479,0.1864,0.012847577090502956,20674.828164334504,3904.8967573538503,97721.23663596644,28288.095797783626,0.1864,0.012847577090502956
88,IA,45803.482586399994,25925.370824060272,692.3147266337548,150634.2318124241,39361.48391858873,0.0691,0.006446616507388122,15577.430663751344,3899.355483739201,123484.95369450818,26192.60130719642,0.0691,0.006446616507388122,8923.714897244032,1809.3904838704066,43418.199029104166,12419.769208583597,0.0691,0.006446616507388122
89,RI,89714.2592808,130442.11084931764,3935.865823808436,729901.8283753997,191350.7662782315,0.1898,0.011651391874542838,75921.2997481125,18750.10080361133,589952.7701372838,127499.06864973316,0.1898,0.011651391874542838,42726.85276032047,8588.495968771504,212881.0602309082,60217.15897274196,0.1898,0.011651391874542838
90,PA,151416.47136,111140.52685052413,3160.8192581667086,631125.6987460873,167475.18497863103,0.0775,0.010747404573931755,65255.346311709436,15882.825724693164,523363.7301936476,109115.52837237988,0.0775,0.010747404573931755,37785.57877050499,7384.642054657869,185277.1006331051,52347.708547928916,0.0775,0.010747404573931755
91,NE,110155.4829144,66403.52102154848,1710.3800634807005,375218.6058654118,99474.706900802,0.07629999999999999,0.0055791539461956694,38800.850786327544,9672.392636331462,314437.7594344573,66030.53111741759,0.07629999999999999,0.0055791539461956694,21900.092891288587,4395.3936911502615,108446.46413927665,30591.105361717873,0.07629999999999999,0.0055791539461956694
92,CA,141952.9419,205498.09327354157,5364.884452271747,1178672.6048301132,309341.96788178274,0.1864,0.012847577090502956,121692.1200611277,30120.628446784904,956812.2069827858,203830.07070440584,0.1864,0.012847577090502956,68483.81602886163,14111.534765865366,341246.5953946157,96825.92729585206,0.1864,0.012847577090502956
93,OH,22712.470704000003,13858.792041229806,383.4049814211482,76845.16470584676,20376.73670750786,0.0703,0.007067537077504825,8014.6504698808785,1955.935955864177,63484.21879196145,13618.092498141086,0.0703,0.007067537077504825,4635.16132551387,932.0273239725439,22919.93657807552,6470.351243970097,0.0703,0.007067537077504825
94,ID,30283.294272000003,17322.819643036044,486.9968238242718,100850.57079925267,26152.12723291431,0.0717,0.0060722379283471685,10310.884653524263,2545.777292290656,82602.31962907268,17421.397612326135,0.0717,0.0060722379283471685,6030.129585205517,1188.606032004337,28472.19106825416,8291.81337748115,0.0717,0.0060722379283471685
95,FL,454249.41408,328479.3433233091,9730.787420431847,1867077.5612926183,490813.1331948218,0.09390000000000001,0.0065470595407893534,194011.6721926673,48931.418360285614,1541054.4160446061,326740.21839159116,0.09390000000000001,0.0065470595407893534,112992.89867953458,22651.50313819941,557159.6109902388,156391.6833313942,0.09390000000000001,0.0065470595407893534
96,MA,1192404.71196,1671416.7885136125,47262.82836224615,9336932.822847266,2463065.234876205,0.1788,0.012126213486985022,962408.306747375,234886.04515754333,7665815.396179167,1628540.974786845,0.1788,0.012126213486985022,551796.1654069007,114561.53650901203,2662610.679456129,761578.2265318655,0.1788,0.012126213486985022
97,WA,64352.00032800001,41549.508587633085,1222.7773220362672,230499.02158534763,60759.36622020199,0.0635,0.010391288364600118,24734.382680923758,5978.811946714799,196611.34958134996,41341.00859676613,0.0635,0.010391288364600118,14061.254730055518,2863.9522389766385,69167.64225484067,19504.28484342184,0.0635,0.010391288364600118
98,TX,170343.53028,77232.5595481884,2159.4877161178856,440850.4280209571,115840.91497293547,0.066,0.0022554026591003772,45945.693590850104,11215.45977892504,359946.96987382136,76675.95693882434,0.066,0.0022554026591003772,26444.659304738525,5423.252431762597,126582.24433694778,36734.588830478126,0.066,0.0022554026591003772
99,VT,12491.858887199998,10146.679840749683,259.062744790593,57466.12756503412,15075.595128589792,0.1127,0.005195644182300059,5890.993296330855,1442.1345158673973,46832.283874879926,9845.459608598938,0.1127,0.005195644182300059,3391.827884847078,661.3615617237717,16966.012152453353,4744.549106642223,0.1127,0.005195644182300059
100,CA,3596.1411948,5365.4077136635915,161.94635178332337,30127.31231153115,7883.792200632706,0.1864,0.012847577090502956,3070.2072206839725,769.053088469876,24519.184584184917,5205.13905590766,0.1864,0.012847577090502956,1746.2077506057203,353.2391211421196,8685.162187391745,2428.134998430445,0.1864,0.012847577090502956
101,NE,191920.3774488,118089.70645908543,3340.4501198195226,651203.1609473776,173840.8233475856,0.07629999999999999,0.0055791539461956694,66922.60683592872,16818.955498273728,537589.3159937725,112561.82693883279,0.07629999999999999,0.0055791539461956694,38914.0728610862,7741.247612187163,190533.70329303126,53710.3332877329,0.07629999999999999,0.0055791539461956694
102,MO,397468.23732,276541.26605312,6970.899061859697,1590473.4794353235,413630.06153547077,0.079,0.008756806275616444,162600.13803368947,41283.51773000651,1282938.867276081,272851.17753581685,0.079,0.008756806275616444,91216.36659412616,18463.819586534828,442013.42907483305,128254.91824438305,0.079,0.008756806275616444
103,CA,26497.882488000003,38964.35795831557,1130.2163465951533,216411.8145457836,56995.719033504654,0.1864,0.012847577090502956,22521.51267731584,5642.565720818279,177791.18861471984,37571.1808312396,0.1864,0.012847577090502956,12760.92355147141,2559.0864463655603,61776.064739979556,17595.475896767457,0.1864,0.012847577090502956
104,CA,45424.941408000006,65933.09927721648,1913.0336425143298,369657.39282692905,97878.53740692468,0.1864,0.012847577090502956,38399.95674407682,9483.670736569964,301833.8142597055,63459.2823652835,0.1864,0.012847577090502956,22060.70080194139,4457.404246256994,109009.42368873219,30928.647296531082,0.1864,0.012847577090502956
105,CA,208197.64812,300149.02936741966,8601.554458072867,1720155.8472808618,448358.30428853806,0.1864,0.012847577090502956,177846.11348788772,44195.710706091195,1384878.0666776618,298025.7840288641,0.1864,0.012847577090502956,102880.75610990828,20690.095629795847,500790.7042838445,143309.2894825665,0.1864,0.012847577090502956
106,WI,37248.451954560005,24464.696699899643,678.8583140096787,146076.65898139615,37314.07904819864,0.0868,0.006263992810294974,14783.190133078162,3740.204693478488,116836.12843181573,24606.025546713274,0.0868,0.006263992810294974,8452.549435052631,1707.1858200721153,42248.78952528401,11885.638960941815,0.0868,0.006263992810294974
107,AZ,68137.412112,43552.48563453795,1213.3192774868767,250624.88345180327,65749.47679465429,0.08109999999999999,0.006337042289132233,26033.60957255886,6307.453183471238,205282.5362393327,43101.6688128641,0.08109999999999999,0.006337042289132233,14816.118013757832,2980.75549878187,72007.92767546762,20615.082985334164,0.08109999999999999,0.006337042289132233
108,OH,42396.6119808,25211.380880437893,729.1325572771931,146586.70119539846,37797.46785064471,0.0703,0.007067537077504825,14977.856380655492,3658.1106971777635,116798.3485405827,24925.74920977792,0.0703,0.007067537077504825,8454.682196324404,1785.9851089514254,43670.41055377567,11921.614542256026,0.0703,0.007067537077504825
109,MI,18056.41420968,12438.892272403464,353.38297317777733,71162.24499485867,18508.894823756622,0.0816,0.007761507126458787,7234.807510755024,1827.9864454753438,56252.03886657078,12001.156612403181,0.0816,0.007761507126458787,4118.64981060573,848.1667485817418,20393.780731253704,5801.827568585249,0.0816,0.007761507126458787
110,NC,75708.23568,45450.69181317248,1137.3435103303393,250667.76150704542,66380.61409785294,0.07150000000000001,0.006127025037475113,25843.616616112027,6642.482737102669,206818.59827870733,43555.68007198802,0.07150000000000001,0.006127025037475113,15090.712862309447,2956.158480044742,75241.44842703851,20956.1488820822,0.07150000000000001,0.006127025037475113
111,MI,5678.117676000001,3909.891480361974,118.98053903943354,21848.58286590399,5770.2131363539875,0.0816,0.007761507126458787,2309.2626156842343,551.740718103249,18281.75297987068,3903.9928018986025,0.0816,0.007761507126458787,1315.581192528722,268.43773089442124,6762.845105790288,1859.247417240301,0.0816,0.007761507126458787
112,CA,15141.647136,22333.817609096055,625.9524806025653,124361.16490847945,32584.02570124696,0.1864,0.012847577090502956,12944.476266104026,3080.293228771231,102336.67190972737,21734.44077846258,0.1864,0.012847577090502956,7434.538376559338,1521.1732379582659,35521.006305803625,10218.617243362842,0.1864,0.012847577090502956
113,CA,41639.529624,60429.995256505244,1721.9472287400533,345528.4244624372,90466.49029445671,0.1864,0.012847577090502956,35620.13170524795,8868.678801545078,274753.3084316495,58831.9050782632,0.1864,0.012847577090502956,20125.969992064784,4107.003172878014,102550.02416544085,28447.377224513697,0.1864,0.012847577090502956
114,CA,85171.76514,124426.25152952291,3301.003903886094,701428.7733988621,186028.35116033987,0.1864,0.012847577090502956,71948.6407000194,17829.730778202855,571922.0847099078,118920.04238707473,0.1864,0.012847577090502956,41545.65260985296,8518.580063532345,211960.79281090887,58725.41858476744,0.1864,0.012847577090502956
115,NE,189270.5892,113925.65167624276,2859.4734983572503,645195.711216891,170594.65625230418,0.07629999999999999,0.0055791539461956694,67338.38051895463,16678.623312315,532369.4963868571,113831.20165765042,0.07629999999999999,0.0055791539461956694,37992.488872520895,7292.800678056523,193492.82957688952,53132.23170008322,0.07629999999999999,0.0055791539461956694
116,NC,79493.64746400001,47231.53248057976,1331.3506489274982,262117.30399188894,69727.91215362966,0.07150000000000001,0.006127025037475113,27681.8003009471,6758.366367250082,218613.0456780909,46787.59030437472,0.07150000000000001,0.006127025037475113,15624.388189175064,3155.419749447876,78426.90967985039,21849.432564780596,0.07150000000000001,0.006127025037475113
117,CT,113562.35352,127050.421999332,3595.9202822018783,727641.3258547994,192254.452043161,0.15689999999999998,0.007925868453842619,74914.81601646646,18635.39861385286,599597.8311008296,125757.07576148452,0.15689999999999998,0.007925868453842619,44408.02016067902,9157.45150263887,221174.93403540045,62032.02739451432,0.15689999999999998,0.007925868453842619
118,OH,117347.765304,69995.0218434665,1921.8809117702622,402917.80488948734,105377.86493497557,0.0703,0.007067537077504825,41449.166108260964,10048.11755067448,325658.4575171627,68637.33966952084,0.0703,0.007067537077504825,23866.56969962373,4769.109702363286,117571.35631000994,33272.95446403472,0.0703,0.007067537077504825
119,CO,466741.2729672,328431.13845558534,9242.653290768882,1854921.1552487432,487882.8016755906,0.085,0.0077523759416041295,192749.73383444437,49070.28853960204,1541375.4099401813,322301.3798459769,0.085,0.0077523759416041295,113513.17479093959,22384.53655820936,574170.7131794486,158542.63571947507,0.085,0.0077523759416041295
120,CA,11053.40240928,15984.10807848203,461.73904061898855,89854.34354435625,23778.207818459512,0.1864,0.012847577090502956,9449.453758872782,2302.4111176078436,74898.87274103897,15958.299524170667,0.1864,0.012847577090502956,5361.086562327938,1062.4921408246116,26523.948247176908,7483.903918769603,0.1864,0.012847577090502956
121,CA,11356.235352000002,16402.15987181384,458.03304179005016,91275.6897810942,24306.189458758676,0.1864,0.012847577090502956,9621.539078889511,2397.9129497461327,76463.66798855136,16070.371819778902,0.1864,0.012847577090502956,5579.598426449717,1101.8584183527882,28188.810303991293,7767.6034752799615,0.1864,0.012847577090502956
122,CA,56781.17676,83387.92415212498,2413.981647848024,473591.0402731198,124583.61451347393,0.1864,0.012847577090502956,48374.59168978043,11975.801991726697,384460.4429836652,81663.5077991292,0.1864,0.012847577090502956,27752.067498457756,5641.002870410441,140748.04372426542,38932.57085885513,0.1864,0.012847577090502956
123,IL,113562.35352,74597.96397458296,2223.2128958238527,433616.9019143979,113142.79702212328,0.08199999999999999,0.00683925745613839,44652.78885205579,10611.26738423306,353094.4715095853,75428.84862475455,0.08199999999999999,0.00683925745613839,25518.670779702043,5131.625909267733,123620.46596620386,35294.24324699708,0.08199999999999999,0.00683925745613839
124,VT,11356.235352000002,8919.005920459804,227.60581546410054,52218.311903282905,13478.705036786068,0.1127,0.005195644182300059,5381.225691629494,1279.1094280267132,42634.67015131107,9047.691514787919,0.1127,0.005195644182300059,3100.5466696815092,617.8936663908638,15206.327178355545,4333.317301404837,0.1127,0.005195644182300059
125,MI,9501.38357784,6667.652167509796,171.48986132382294,37170.15065935682,9814.349986767316,0.0816,0.007761507126458787,3832.264918266159,970.9695021712168,30113.988341719836,6381.089870843982,0.0816,0.007761507126458787,2169.8594129589937,444.4939843064628,10645.958696598189,3009.582594905068,0.0816,0.007761507126458787
126,VA,158987.29492800002,102338.01547074624,2541.2158010984936,588809.0700364581,155011.20145752505,0.0892,0.004611248351601985,60575.31308898628,14506.001429029579,471498.7130200246,100633.53066709278,0.0892,0.004611248351601985,34576.84917311657,7165.447518215762,173961.6806872636,48489.21442604812,0.0892,0.004611248351601985
127,SC,15141.647136,8083.5047432834535,224.09278747816214,45078.43590018905,11833.444982268209,0.0668,0.004711691385003216,4648.7775718561425,1151.647667831756,36662.35221826168,7792.704372860745,0.0668,0.004711691385003216,2637.623467511195,530.8938156432679,12738.45039650067,3678.778056482738,0.0668,0.004711691385003216
128,IL,30283.294272000003,20071.102079601682,573.816292587011,112556.296620473,29792.196369091267,0.08199999999999999,0.00683925745613839,11767.598063330923,2900.9570511737893,94367.14897615822,20007.901316884363,0.08199999999999999,0.00683925745613839,6764.054087811266,1358.9476419810335,33619.05561099879,9422.29127539157,0.08199999999999999,0.00683925745613839
129,NJ,75708.23568,70283.75266482236,2080.8717617316424,393199.08198903996,103770.94611335608,0.1168,0.008409821251139463,40589.31933565441,9775.590075888542,323287.3472197111,69086.63148398408,0.1168,0.008409821251139463,23337.135451859398,4814.7915760370615,115848.42495795507,32841.97010824653,0.1168,0.008409821251139463
130,OR,8327.905924800001,5140.94886281009,136.58011589914182,30188.667494471298,7761.942405647753,0.07519999999999999,0.007286685514016603,3129.4198854477354,748.8883916891521,24547.75501168097,5252.126826578093,0.07519999999999999,0.007286685514016603,1774.4078180594634,342.1147854536619,8815.653689962179,2478.970118283322,0.07519999999999999,0.007286685514016603
131,CA,12113.3177088,18108.78095151885,496.5459196789597,99059.89773158931,26160.978980180567,0.1864,0.012847577090502956,10168.51826143832,2559.324674876135,80908.60891056742,17010.09461841219,0.1864,0.012847577090502956,5992.391744198626,1190.2898399206465,30830.37698641529,8386.139724014422,0.1864,0.012847577090502956
132,OH,85171.76514,51392.20700434173,1451.51233172033,281147.546575046,76131.12529357744,0.0703,0.007067537077504825,30506.584531327382,7422.635055528033,238407.13848065957,51496.48248828463,0.0703,0.007067537077504825,17169.47016246948,3448.4507962935104,85976.50234103818,24058.74663970828,0.0703,0.007067537077504825
133,IN,34068.706056,21516.668255624845,621.2123812675155,124743.5184541887,32620.081091195607,0.0824,0.006218336886021686,12990.777533619577,3262.250220103053,102328.71319594234,21467.027106918704,0.0824,0.006218336886021686,7420.554981702628,1543.4718030250858,37016.630326889106,10405.54313480554,0.0824,0.006218336886021686
134,CA,75708.23568,110609.50478738459,2775.506236289864,613146.9955119137,162206.24796245762,0.1864,0.012847577090502956,64121.27096151479,15640.236655767663,511052.7972839879,106897.09349745508,0.1864,0.012847577090502956,36515.04795620272,7681.143351556726,185266.03002355143,51619.2491146693,0.1864,0.012847577090502956
135,CA,45424.941408000006,65968.57208567849,1749.3953813854923,376761.52886931493,97203.21696073361,0.1864,0.012847577090502956,37929.20185118221,9373.380598118963,303708.76876745146,63498.468914447585,0.1864,0.012847577090502956,22064.11136376213,4492.442415823676,107479.33777159358,30715.793306765234,0.1864,0.012847577090502956
136,CA,60566.588544000006,88544.05355301377,2574.7026425271415,496231.1264973172,130599.06145399682,0.1864,0.012847577090502956,51344.9854274424,12225.640288205675,411379.6208007932,86595.46550520329,0.1864,0.012847577090502956,29105.923983742327,5956.19158616229,142619.50911307134,40417.63382619037,0.1864,0.012847577090502956
137,CA,68137.412112,100240.24399049713,2857.174058716965,561383.3619630304,148651.7486431228,0.1864,0.012847577090502956,58803.69005733508,14769.990847068819,467713.17205160204,99071.00332030415,0.1864,0.012847577090502956,32894.843480174226,6768.632023298733,159227.827973423,45554.90436981416,0.1864,0.012847577090502956
138,WI,5678.117676000001,3971.567315665255,105.79302422144475,21547.161262459857,5836.7129726468065,0.0868,0.006263992810294974,2304.816324411823,575.5047903211329,17971.060966524597,3843.1470863524146,0.0868,0.006263992810294974,1294.1134777977577,259.5342562316328,6298.326752756345,1799.973861632343,0.0868,0.006263992810294974
139,NJ,20441.2236336,19226.5130131117,499.5709159427965,107601.51527863165,28529.936897093594,0.1168,0.008409821251139463,10902.495289847553,2649.0211050883895,87219.20974551864,18532.097235237175,0.1168,0.008409821251139463,6232.246660113623,1259.2062812061572,31644.132015170453,8840.17713925184,0.1168,0.008409821251139463
140,NY,109398.4005576,72267.4872407142,1990.2475418723527,406549.1913014352,106510.28110505526,0.0687,0.009496432248843693,41640.3504046776,10253.896301395118,334592.3658270877,71027.87260612648,0.0687,0.009496432248843693,23239.589786901965,4870.185352012073,120208.10592937226,33175.64377424501,0.0687,0.009496432248843693
141,NY,70030.118004,45225.69787310619,1264.817206399563,254272.05056559364,67304.74774790255,0.0687,0.009496432248843693,26676.936774369347,6505.500259898857,214665.69736694652,45032.4542057423,0.0687,0.009496432248843693,15478.94961659077,3066.222699297123,75782.41541828794,21647.875236720516,0.0687,0.009496432248843693
142,IL,60566.588544000006,41850.813081144515,1165.3051292349846,239200.14309405102,61485.10161201384,0.08199999999999999,0.00683925745613839,23808.158926610253,5824.850784776886,187393.90524830908,39720.537588002335,0.08199999999999999,0.00683925745613839,13420.597691652261,2758.9186232335633,67548.75058482536,18969.469180717693,0.08199999999999999,0.00683925745613839
143,OR,147820.3301652,94987.224761245,2802.192518456761,533929.5404801758,139426.07561739377,0.07519999999999999,0.007286685514016603,55291.7535885835,14475.089505188893,435364.46230046015,91858.36386585944,0.07519999999999999,0.007286685514016603,31056.107106336098,6405.629386262351,161168.32890393608,43918.07525206931,0.07519999999999999,0.007286685514016603
144,FL,198734.11866,144054.59859377885,4136.01282767177,816261.032076552,216138.29758707137,0.09390000000000001,0.0065470595407893534,84885.43763716947,21068.39372882513,680318.7290221896,143769.32999342846,0.09390000000000001,0.0065470595407893534,48964.30659819351,9715.852331046532,245626.8478985127,68316.09995646481,0.09390000000000001,0.0065470595407893534
145,CA,79493.64746400001,113382.88034993723,3313.835506974441,660125.0131800808,171690.44106636124,0.1864,0.012847577090502956,67700.9070442584,16115.976631762,534736.6578040512,115127.56023412495,0.1864,0.012847577090502956,38584.53021383796,8008.021472440912,193354.41470561814,53988.56753248589,0.1864,0.012847577090502956
146,WI,108262.7770224,74453.8997910565,2114.256974820084,424593.62922460417,112059.26345315599,0.0868,0.006263992810294974,42854.04119878341,10634.230083568687,343367.5657833899,72017.72171654139,0.0868,0.006263992810294974,24930.826206610447,5005.97758223175,123839.87028724338,34798.02644449649,0.0868,0.006263992810294974
147,MN,183213.9303456,128364.52325795617,3475.633949583199,717246.146620198,187214.7328591972,0.092,0.00564307224017827,74608.09997746814,19175.579805945687,598635.3133084686,126358.07524405685,0.092,0.00564307224017827,43174.7234153443,8614.953587461525,214644.13883649267,60031.55768088748,0.092,0.00564307224017827
148,CA,174128.942064,255667.46581226235,7179.397965797772,1423437.227572615,379014.2439532904,0.1864,0.012847577090502956,148313.4575342761,37114.834054111125,1173775.7443991061,247114.67502139258,0.1864,0.012847577090502956,84386.10438306179,16899.341374476637,426872.177119565,117996.54054835884,0.1864,0.012847577090502956
149,NY,37854.11784,24959.997401077097,665.7840235679546,138944.88879388734,36768.06340362418,0.0687,0.009496432248843693,14575.259738279887,3496.090747547925,114287.03076453575,24338.110734681304,0.0687,0.009496432248843693,8357.275512149772,1685.1328492474038,41350.4160344932,11657.208290732944,0.0687,0.009496432248843693
150,IL,94635.2946,60857.271539317386,1710.7034716171702,352807.3936933276,93332.14817906109,0.08199999999999999,0.00683925745613839,36969.831672274726,9258.159598426499,293513.0679898311,61800.53420160756,0.08199999999999999,0.00683925745613839,21161.443625991924,4254.437266379019,106434.07678507706,29684.15922865594,0.08199999999999999,0.00683925745613839
151,MO,1324894.1244,922094.2901819793,21887.70507189799,5207617.541082868,1375604.1728912885,0.079,0.008756806275616444,544737.2826000082,133551.7424997771,4317012.683915252,918708.5139783251,0.079,0.008756806275616444,307767.2903259798,60959.50669311365,1548665.039587798,428926.05876964034,0.079,0.008756806275616444
152,OR,378541.1784,244683.54684725753,6843.014045814524,1373604.4297159777,359582.6554346331,0.07519999999999999,0.007286685514016603,140380.09967715392,35216.97347409248,1108422.9966193005,233945.97177005082,0.07519999999999999,0.007286685514016603,81850.06532672608,16469.60335561709,406311.71055659815,115242.42881512344,0.07519999999999999,0.007286685514016603
153,WI,75708.23568,51742.612478917086,1309.9831726174018,298039.9303077895,78086.68875526679,0.0868,0.006263992810294974,30153.443386168736,7538.072452665878,236310.4828169937,49853.37232829091,0.0868,0.006263992810294974,17093.395812820672,3486.536564585056,84561.75804607732,23834.449675954413,0.0868,0.006263992810294974
154,NY,643520.0032800001,419275.9029156792,12261.30008302402,2410793.091525812,625750.8242469019,0.0687,0.009496432248843693,249312.63711651528,60705.25249153713,1955702.1819803128,418310.35320211394,0.0687,0.009496432248843693,140360.4335045907,28054.446293225545,690045.8060615893,195281.56902800174,0.0687,0.009496432248843693
155,NY,9463.52946,6295.345902875726,172.89643876496214,35347.536667664106,9298.082427388103,0.0687,0.009496432248843693,3659.995431894262,893.3639575920481,28796.44877014908,6127.757029781702,0.0687,0.009496432248843693,2065.1416893248834,411.15404683439846,10126.78740092141,2890.213537828363,0.0687,0.009496432248843693
156,CA,113562.35352,164832.55745645502,4617.106869034248,934701.0373398958,247387.59049389843,0.1864,0.012847577090502956,95597.59626411484,24699.252087487195,745823.8251106456,160184.07526614267,0.1864,0.012847577090502956,55086.828441094025,10920.182004528613,277835.3533890424,76856.40829398407,0.1864,0.012847577090502956
157,CA,11356.235352000002,16300.50647898128,460.4025719853228,93790.73319558098,24562.125424543305,0.1864,0.012847577090502956,9690.341645130859,2321.7642857049464,75784.37280332824,16264.645750093556,0.1864,0.012847577090502956,5516.525501149623,1092.88973196523,27726.094090645725,7757.330337697526,0.1864,0.012847577090502956
158,IA,98420.706384,58091.3274175804,1680.631213675483,320631.6343504636,85162.34541498279,0.0691,0.006446616507388122,33354.41028789236,8216.325338872271,263461.97251729463,55902.254659206796,0.0691,0.006446616507388122,18909.95460396498,3804.712108248589,93365.75959515932,26663.7747826256,0.0691,0.006446616507388122
159,NY,15141.647136,9801.642137854744,279.14285674420927,56120.788489912586,14625.979445499193,0.0687,0.009496432248843693,5764.091010943189,1425.970563110475,45448.93609347944,9596.019535625866,0.0687,0.009496432248843693,3351.0949563930226,675.850429973068,16681.973470519173,4727.054265633898,0.0687,0.009496432248843693
160,NY,45424.941408000006,29225.67299538599,856.5793363223491,171190.7106333887,44457.772310533066,0.0687,0.009496432248843693,17436.20110700371,4230.287136038675,137905.20621016892,29442.384278762995,0.0687,0.009496432248843693,10013.282223090144,1999.3291154806188,49682.31891550435,13981.72780999174,0.0687,0.009496432248843693
161,CA,416395.29624,604309.6417297737,17496.373179259994,3377379.7140920954,900071.8811119332,0.1864,0.012847577090502956,353693.0686060879,85195.84243588471,2816269.3400009875,601748.8173403366,0.1864,0.012847577090502956,203409.73095423193,40264.47622038923,1010140.1516836485,283272.08399957017,0.1864,0.012847577090502956
162,CA,14006.0236008,20832.06969252816,617.3270413590622,115211.88369516253,30541.39551971766,0.1864,0.012847577090502956,11943.330027972399,2928.695276441004,93265.29629968207,19965.719769971678,0.1864,0.012847577090502956,6762.563873871539,1382.7754237184442,33523.90687687599,9491.696405262453,0.1864,0.012847577090502956
163,MO,242266.354176,170867.82358842986,4763.841932220759,953330.432587827,253755.8349117201,0.079,0.008756806275616444,98631.48324970281,23980.291767323037,781136.7391958918,162538.44286070295,0.079,0.008756806275616444,57135.872822360056,11422.58793163337,286796.940726987,80052.6311412473,0.079,0.008756806275616444
164,IA,16315.12478904,9327.743641781242,285.58690857865076,53733.25466399534,14062.031351882204,0.0691,0.006446616507388122,5515.551971129491,1351.9548346132792,43933.70976068529,9320.49889291969,0.0691,0.006446616507388122,3230.3734725258187,668.6473832120829,16210.59367791223,4500.528577378886,0.0691,0.006446616507388122
165,CO,94635.2946,67200.26458516036,1802.2566333821144,383867.17670588463,100331.78434486856,0.085,0.0077523759416041295,38919.59254218641,9784.698472957467,308262.727618012,65244.165297492145,0.085,0.0077523759416041295,22450.00016123416,4483.505786226032,105990.38324948882,31172.709043242336,0.085,0.0077523759416041295
166,NM,30472.564861200004,13895.115501296805,420.9670617750493,81136.1885307145,20868.981241330242,0.0575,0.004611248351601985,8213.572614145163,2012.5164035535197,64952.855694182595,13694.828821288926,0.0575,0.004611248351601985,4745.429011702166,920.639517748707,24077.869511742967,6671.2109684293555,0.0575,0.004611248351601985
167,CA,166558.118496,244979.54284317145,6107.151583193163,1353445.7031272184,355835.09120266885,0.1864,0.012847577090502956,140284.29357173428,34887.64602195056,1144629.6461202041,240215.36467568015,0.1864,0.012847577090502956,81655.40671591723,16428.98302218369,387754.928914585,111973.82576132285,0.1864,0.012847577090502956
168,CA,20819.764812,30442.211779302062,889.190026732607,172074.32519560892,45222.274649576095,0.1864,0.012847577090502956,17655.2961652701,4449.335764627864,140855.88923292447,29553.400463124548,0.1864,0.012847577090502956,10183.53516789891,2093.9075985867207,50089.54570156282,14217.538962868395,0.1864,0.012847577090502956
169,OH,28390.58838,16839.82139434774,502.68168430815933,96132.57623891799,25387.109821260256,0.0703,0.007067537077504825,9966.896126014097,2447.0921078205542,79046.7263389476,16650.475028087465,0.0703,0.007067537077504825,5761.989518807029,1136.797327078749,28265.300902260584,8080.851601531108,0.0703,0.007067537077504825
170,MN,67758.8709336,47236.34214815985,1270.781271321635,261770.82279449457,69384.40877793041,0.092,0.00564307224017827,27526.68026191362,6855.219392489864,218408.62074924717,46159.40733891628,0.092,0.00564307224017827,15584.963444770856,3128.792156343597,75608.00864509285,21799.60018215838,0.092,0.00564307224017827
171,NY,416395.29624,274968.74201290705,7534.702871191829,1534623.2872224962,403200.10589598864,0.0687,0.009496432248843693,162665.66742253304,39500.538733770896,1274249.0842245305,276866.73453927477,0.0687,0.009496432248843693,90429.31348439648,17897.17636716535,445117.1901304675,126326.48712120173,0.0687,0.009496432248843693
172,NY,10409.882406,6718.70224420636,194.61800523654105,39119.50575624191,10213.422829702704,0.0687,0.009496432248843693,3955.5695053033223,968.4238441321819,31541.348696740242,6619.732123114138,0.0687,0.009496432248843693,2309.0988340530844,452.66884333384036,11514.092225447182,3217.5603131960534,0.0687,0.009496432248843693
173,VA,22712.470704000003,14875.505347713311,410.13967221470244,83910.40390133545,22140.472782786288,0.0892,0.004611248351601985,8767.224846375571,2128.991858239412,69210.34143024417,14445.589152425078,0.0892,0.004611248351601985,4992.048778345093,1003.2784823349907,25345.16927204796,7003.622447194639,0.0892,0.004611248351601985
174,OH,272549.648448,165872.2362676937,4640.855798883124,940420.1917880815,246705.8262012982,0.0703,0.007067537077504825,96919.9938941137,23771.945129835454,764239.6530278015,162921.0630932159,0.0703,0.007067537077504825,55109.0000743354,11334.504066011466,271407.4390395099,76742.22904488798,0.0703,0.007067537077504825
175,WA,56591.90617079999,36775.851365476134,1081.72681994387,207090.4700518352,54558.5157341748,0.0635,0.010391288364600118,21682.82891278979,5483.082501701063,170458.80759088308,36136.4207580326,0.0635,0.010391288364600118,12348.53234729537,2454.054708902178,61592.010848415695,17190.034879661212,0.0635,0.010391288364600118
176,TN,60566.588544000006,30740.240729748737,869.2164120021421,171309.2614263688,45599.26225393127,0.0623,0.005031282854916225,17833.028202451802,4440.918074400299,140292.4530848913,29693.411416476436,0.0623,0.005031282854916225,10152.281153066815,2053.616031562797,50678.93066960057,14211.63831246516,0.0623,0.005031282854916225
177,CO,12416.15065152,8554.842733199432,239.5185838286729,49715.04604588175,12824.0369220134,0.085,0.0077523759416041295,5167.381699839934,1282.6553183483563,40390.40360735578,8593.570429567444,0.085,0.0077523759416041295,2998.2824562430105,591.1601009520334,14950.560382296155,4128.506596217795,0.085,0.0077523759416041295
178,MA,42775.1531592,58913.83366997762,1709.9308788536712,329386.42133523134,87702.6436758066,0.1788,0.012126213486985022,35041.75324091347,8534.459320710086,276532.9098863155,58731.772682717194,0.1788,0.012126213486985022,19378.71659224645,3963.8641048077575,95012.82543687099,27087.22934499159,0.1788,0.012126213486985022
179,NY,227124.70704,150631.58521541656,4074.664284630014,843854.7379165301,222312.55317670532,0.0687,0.009496432248843693,87137.13361409071,22007.282389154087,696357.8069585422,147574.66955020817,0.0687,0.009496432248843693,49944.291523141525,10376.399911937116,249323.16885379667,69881.00578316208,0.0687,0.009496432248843693
180,GA,378541.1784,210765.47011017276,5819.110771099844,1173592.0883607117,310513.76351328974,0.0688,0.004894315082096365,119859.95233040347,30094.044783337424,933064.0893670993,199816.00100793102,0.0688,0.004894315082096365,68438.9486992569,14250.202814029397,334454.1290110463,95023.6770467386,0.0688,0.004894315082096365
181,NJ,31040.3766288,28471.113613669477,743.7295481859497,162446.52416008557,42412.56970040776,0.1168,0.008409821251139463,16506.910996840918,4023.1237234134624,132771.32324114183,27634.884614481343,0.1168,0.008409821251139463,9748.013716382238,1956.8161040707669,48443.89858617578,13615.372709548616,0.1168,0.008409821251139463
182,MO,946352.946,658742.0564720609,18864.922889094694,3773836.7459950363,983688.4958534382,0.079,0.008756806275616444,386854.9451434715,96859.51342829913,3097117.7082213177,657808.6625306474,0.079,0.008756806275616444,228468.30866167333,44612.794353522106,1081143.8167109343,314506.1212893508,0.079,0.008756806275616444
183,FL,317974.58985600004,226978.165265263,7150.708455707603,1304279.7844349325,344379.26555108896,0.09390000000000001,0.0065470595407893534,136213.64199892056,33481.78212602442,1071363.6549700834,228322.04861510562,0.09390000000000001,0.0065470595407893534,77716.32385477755,15668.392761378094,377782.8730239867,108437.31986111171,0.09390000000000001,0.0065470595407893534
184,OR,75708.23568,49607.26848016512,1282.000890965576,278401.25928088557,72528.88385073218,0.07519999999999999,0.007286685514016603,28630.99930998162,6959.873033824366,228188.76533250712,48113.0592433135,0.07519999999999999,0.007286685514016603,16504.581679860126,3361.089193820716,80793.5584779697,22797.48573521889,0.07519999999999999,0.007286685514016603
185,IL,65487.62386320001,43530.13025257679,1186.7461372290618,251357.04187726587,65300.12021047446,0.08199999999999999,0.00683925745613839,25411.55772219217,6274.134662111438,203497.79148453867,42819.54763958611,0.08199999999999999,0.00683925745613839,14646.385773777756,2809.976036103408,73675.65611070627,20638.85638426218,0.08199999999999999,0.00683925745613839
186,CA,80629.2709992,119420.1787497484,3274.803496097844,670131.5618079109,175416.7137428602,0.1864,0.012847577090502956,68388.70007016626,16888.462514433133,549190.3584232907,116767.37927961738,0.1864,0.012847577090502956,39530.73950081809,8009.597948781393,191632.80997191876,54689.38767146975,0.1864,0.012847577090502956
187,CA,22712.470704000003,33303.16456024381,963.6707194153771,188809.7691271674,49173.94645351378,0.1864,0.012847577090502956,18917.445179390714,4688.129967371827,149524.0173887301,31430.37559902751,0.1864,0.012847577090502956,11067.239467700478,2201.7685941256454,54801.30941340034,15396.53922012263,0.1864,0.012847577090502956
188,MN,757082.3568000001,530634.5022935823,13803.008900805673,2942041.9873442617,784514.9713750344,0.092,0.00564307224017827,307713.52235089726,74541.84164615575,2507274.099718984,524714.8981161152,0.092,0.00564307224017827,173789.8049753587,35756.93126714123,875209.3050206146,246973.03059374314,0.092,0.00564307224017827
189,DC,1453598.1250560002,1073543.9694456584,31730.39263469826,6018510.873870756,1608979.691203286,0.1085,0.003791267951653751,641656.7831514757,159962.03552120182,5035300.443504691,1072323.437014847,0.1085,0.003791267951653751,355542.9140762042,74582.26031357993,1891293.612271378,506967.09703029384,0.1085,0.003791267951653751
190,NJ,19684.1412768,17724.39804792651,523.8493554351309,99086.4400242167,26404.922518290245,0.1168,0.008409821251139463,10669.176304750072,2702.6264873632485,84509.3281838259,18065.28029952683,0.1168,0.008409821251139463,6099.2363406049235,1241.0595692442855,31307.366466689815,8602.14316884483,0.1168,0.008409821251139463
191,CA,11356.235352000002,16281.545037300442,458.09916143747006,91852.93283211788,24332.092040423857,0.1864,0.012847577090502956,9673.075910326723,2412.8158648655312,76328.36259069631,16018.945437339562,0.1864,0.012847577090502956,5560.794795055454,1123.6566063995383,26826.242010432088,7702.656225373971,0.1864,0.012847577090502956
192,UT,177914.353848,115980.59494398785,3147.9151049431184,645725.1699326186,171746.5671466676,0.0699,0.009122053669802739,67516.16101362558,16641.83298711845,540947.9905888586,113558.55320195081,0.0699,0.009122053669802739,38489.66296851824,7497.227272865735,193480.00785672205,53864.602417536094,0.0699,0.009122053669802739
193,WI,58673.882652,39544.46869259913,1193.9043045814622,224311.35062206906,58727.7752778455,0.0868,0.006263992810294974,23351.633988556117,5699.857555525082,184973.7805502864,39064.91396280879,0.0868,0.006263992810294974,13297.815546236394,2718.526262730712,64139.406756264194,18541.13639275874,0.0868,0.006263992810294974
194,NY,393682.825536,268223.02729680995,6692.6502190598385,1474515.3030098788,393494.19114323886,0.0687,0.009496432248843693,150301.06396854803,36872.187946329854,1214337.0453872452,256064.47657855807,0.0687,0.009496432248843693,86028.08627514378,17175.309255381988,427771.25176122243,120731.86814475527,0.0687,0.009496432248843693
195,PA,794936.47464,598644.5320402364,14834.80647541124,3338913.674907658,885239.340262719,0.0775,0.010747404573931755,344745.2849657504,86836.55097597229,2766095.4759533154,588498.2963763737,0.0775,0.010747404573931755,196631.59264554142,39237.523502562086,959130.3553742846,271495.9294685567,0.0775,0.010747404573931755
196,UT,181699.765632,118224.55892824993,3426.676493405349,671623.1901462022,174833.9327598905,0.0699,0.009122053669802739,68784.3221857863,16752.02673755071,540843.2781918733,113558.87302278864,0.0699,0.009122053669802739,39970.14385393263,7649.24482877362,201209.30872784244,55805.566261565975,0.0699,0.009122053669802739
197,CA,18927.05892,26366.43176770446,713.7430963544798,153133.34401429346,40131.90448332898,0.1864,0.012847577090502956,15943.405194388011,3845.756855685177,128179.46316424194,27114.294805018275,0.1864,0.012847577090502956,9375.65533252206,1835.2558544504843,47775.496278051745,13120.316903848303,0.1864,0.012847577090502956
198,WI,7570.823568000001,5107.02909691676,145.53504241957043,28742.639089745157,7640.816111074161,0.0868,0.006263992810294974,3008.4073947741235,735.2486746921139,23613.610278100416,5004.395944294795,0.0868,0.006263992810294974,1748.6817515367388,359.03329970946055,8529.946657677972,2422.8368386739685,0.0868,0.006263992810294974
199,AZ,189270.5892,120968.90269294367,3396.3083574354187,690566.9304539512,181018.39670926222,0.08109999999999999,0.006337042289132233,71918.80329597135,17011.087471545463,558390.2163753757,116989.6288582377,0.08109999999999999,0.006337042289132233,41002.400981824154,8447.760380056878,197080.35703198763,56146.50515281237,0.08109999999999999,0.006337042289132233
200,NJ,105991.529952,96297.88706053719,2847.6305702683053,544696.0491744981,143807.77245955163,0.1168,0.008409821251139463,56398.9056548392,13907.486910376798,451219.00331325526,94161.21751870903,0.1168,0.008409821251139463,32241.63864886683,6416.981054186976,161162.80558157866,45436.144341565145,0.1168,0.008409821251139463
201,MO,143845.647792,99562.74074575045,2679.9898076359245,569952.2137470721,149956.8438508214,0.079,0.008756806275616444,58907.9772120425,15015.131674493337,470386.1202494298,100022.94052258415,0.079,0.008756806275616444,33325.691555258876,6859.140813350224,175997.4032410416,47575.164848694745,0.079,0.008756806275616444
202,IA,50989.49673048001,29712.70373421323,849.3283322565333,167350.56262873326,43983.2411799824,0.0691,0.006446616507388122,17275.870880425213,4186.419584978529,137042.77215310297,29036.613097502173,0.0691,0.006446616507388122,9957.090760729589,1979.3836397442542,49130.46074570927,13807.838635722745,0.0691,0.006446616507388122
203,WI,31040.3766288,20934.064311614406,604.923526718531,116875.7177834836,31061.324508769645,0.0868,0.006263992810294974,12540.794369788711,3105.656911092524,99107.35426812411,21167.902140736398,0.0868,0.006263992810294974,7147.055763109755,1444.0452528146448,37109.40551572899,10079.055411863375,0.0868,0.006263992810294974
204,NY,454249.41408,299324.9948575307,8516.221122297411,1685222.793704631,444994.02569423715,0.0687,0.009496432248843693,175470.55652579258,43727.69726364177,1374374.000517055,293098.2633488307,0.0687,0.009496432248843693,99532.63233204026,19540.15581023484,508400.5748534113,140659.34485813632,0.0687,0.009496432248843693
205,CA,64352.00032800001,94167.25774494288,2706.70440570042,522648.94941273873,139409.43117053376,0.1864,0.012847577090502956,54709.586769206,13323.359292195122,428976.54238875536,90773.35932606654,0.1864,0.012847577090502956,31335.766694590835,6247.781573411911,161743.41017122366,44561.64577312706,0.1864,0.012847577090502956
206,CA,18927.05892,27609.47181993194,769.7732041866792,157281.90264576316,41115.54147377327,0.1864,0.012847577090502956,16072.216747890932,3821.004519408028,128137.93759834555,27006.11000586568,0.1864,0.012847577090502956,9249.700081441602,1835.4297870343137,46469.82889760917,12907.617168952065,0.1864,0.012847577090502956
207,CA,60945.12972240001,89469.32138135232,2714.6256420024565,503725.2316272619,132781.53865488668,0.1864,0.012847577090502956,51196.033006796206,12987.977223731168,407789.58326277026,86091.78810902635,0.1864,0.012847577090502956,30329.826281396934,6063.014963785634,155366.82067520247,42322.778131028244,0.1864,0.012847577090502956
208,CA,28390.58838,41576.82536750106,1186.131432065735,232943.4573950058,60737.24137441747,0.1864,0.012847577090502956,24138.639050811187,5883.059243605825,191704.20770924474,40128.51467357974,0.1864,0.012847577090502956,13721.681495151926,2789.383061400457,69346.74562301683,19282.997582469943,0.1864,0.012847577090502956
209,FL,363399.5312640001,267166.9482902151,7264.037394441268,1512891.3768677989,395568.16213976825,0.09390000000000001,0.0065470595407893534,156213.55141074042,38990.169238140275,1226970.863855291,261719.01206294354,0.09390000000000001,0.0065470595407893534,89626.94951163276,17821.276143379484,454081.28847128426,126305.03577709348,0.09390000000000001,0.0065470595407893534
210,MN,69575.86858992,49907.80044336883,1304.6803056346448,276421.5735368404,73215.5772995992,0.092,0.00564307224017827,28442.974522210705,6973.933802785836,223975.89189793472,47678.333994142165,0.092,0.00564307224017827,16207.690292476404,3314.2495339096827,79985.5011454656,22678.249042074654,0.092,0.00564307224017827
211,OR,185485.177416,119027.8258898341,3226.933199117373,670858.3668121796,176527.9710492389,0.07519999999999999,0.007286685514016603,69127.19166660216,16982.35949497281,540759.6811191085,113573.5650786846,0.07519999999999999,0.007286685514016603,39443.797297093275,8028.782258358235,198747.37828433348,55389.3249558142,0.07519999999999999,0.007286685514016603
212,OR,15709.458903600003,9820.548654181846,283.3234418246955,55431.08994389295,14542.350950731674,0.07519999999999999,0.007286685514016603,5796.796260768757,1481.2653828288053,46456.06856411793,9820.588076352,0.07519999999999999,0.007286685514016603,3322.1404710163524,689.0693259507592,16479.59918665398,4651.206448555428,0.07519999999999999,0.007286685514016603
213,MN,18927.05892,13761.894063195781,375.14384072084744,75693.26275348548,19975.463460952542,0.092,0.00564307224017827,7778.9123956364265,1840.3181380924025,61943.196693746526,13016.284496284512,0.092,0.00564307224017827,4451.613311212328,884.2596697008842,22458.614916333787,6250.635403817666,0.092,0.00564307224017827
214,NY,321760.00164000003,210461.7382494753,6075.418246317393,1180457.6222309107,313189.70665680745,0.0687,0.009496432248843693,124386.61668506172,30068.895731992467,967279.5633446071,208114.6934627221,0.0687,0.009496432248843693,70000.36130211738,13919.104338370404,352508.3244165795,97409.60271395605,0.0687,0.009496432248843693
215,WA,193056.000984,124271.97938659086,3446.107747730907,692799.2320660894,182946.41331563678,0.0635,0.010391288364600118,73250.07138011263,18486.833870778242,577520.7980363867,123407.18756564317,0.0635,0.010391288364600118,41554.09554283793,8478.112675875387,209150.93357485757,57986.443186823824,0.0635,0.010391288364600118
216,VA,204412.236336,134820.0808325942,3619.4447470543614,761217.2940674595,199397.03953210727,0.0892,0.004611248351601985,78615.72360597325,19555.853725490608,617599.4404736488,132842.8280868275,0.0892,0.004611248351601985,44804.558961200986,8850.196203589283,219106.68822821492,62245.03389996694,0.0892,0.004611248351601985
217,WI,17034.353028,11308.355538459797,343.67012287558765,66842.43672800943,17182.297353733702,0.0868,0.006263992810294974,6762.278860726332,1629.7835214959734,54113.95237599698,11467.232312748885,0.0868,0.006263992810294974,3966.303456214504,814.8722515926595,19979.03951274095,5577.933055508287,0.0868,0.006263992810294974
218,NJ,105991.529952,97695.8893344635,2740.899764105836,545325.5880048604,144766.96044649795,0.1168,0.008409821251139463,56838.057722346566,13841.2335998759,453998.4617778388,95471.14342724628,0.1168,0.008409821251139463,32494.129527503894,6461.871584275787,162401.56414166713,45371.679005372134,0.1168,0.008409821251139463
219,CA,257408.00131200004,375152.8813996769,10275.421302070035,2141223.480343084,557407.7799471262,0.1864,0.012847577090502956,218094.20103173927,55297.02849949241,1714764.4586208733,367777.6468251252,0.1864,0.012847577090502956,125731.02428107992,24750.25542349557,643046.7236570242,176787.1379459732,0.1864,0.012847577090502956
220,NJ,37097.0354832,34348.04054809097,938.3548655724721,194909.95091300152,50755.06728560499,0.1168,0.008409821251139463,20035.263919348792,4753.409796065656,158047.9866306566,33613.181682120034,0.1168,0.008409821251139463,11454.491448973298,2262.5958489886457,57625.16880785767,16114.802528677243,0.1168,0.008409821251139463
221,FL,51103.059084,38426.747336598215,1085.189229658286,213795.09988095902,56346.98675282044,0.09390000000000001,0.0065470595407893534,21885.99431685701,5245.965225501108,174080.17856296597,36986.25316075469,0.09390000000000001,0.0065470595407893534,12688.662961674803,2513.0015304461904,61760.34405898587,17718.264226803058,0.09390000000000001,0.0065470595407893534
222,PA,26497.882488000003,19262.44391381115,588.0222014880543,109254.70031756682,28689.095119650698,0.0775,0.010747404573931755,11454.251964527424,2776.6028883989625,90694.2976050679,19178.84612719404,0.0775,0.010747404573931755,6557.54227796244,1329.4505779927088,32815.65929982428,9229.192481364844,0.0775,0.010747404573931755
223,MI,37854.11784,26129.57295986113,761.2069302948579,148884.87092205838,39190.22741484385,0.0816,0.007761507126458787,15207.671309076366,3799.056616181014,122486.94101341048,25608.49584414672,0.0816,0.007761507126458787,8800.150911288954,1709.6236130528255,42323.67431539755,12076.45425397693,0.0816,0.007761507126458787
224,OR,9084.9882816,5976.70613949174,156.0021171277486,33373.10397087844,8779.294745345247,0.07519999999999999,0.007286685514016603,3369.178792411549,839.313857221051,26111.70970460681,5557.43708353925,0.07519999999999999,0.007286685514016603,1938.0636879217545,395.9385458364868,9609.580906535932,2686.6746469261566,0.07519999999999999,0.007286685514016603
225,OR,37854.11784,23592.666863092592,691.3649749212963,135137.46700761106,35200.058616441675,0.07519999999999999,0.007286685514016603,14097.661226087681,3541.898867974245,112474.1686428769,23712.228310537805,0.07519999999999999,0.007286685514016603,8078.583882077333,1586.8370151651952,41383.5384034794,11379.534979636146,0.07519999999999999,0.007286685514016603
226,OR,132489.41244,81218.15494116413,2486.491849004716,479455.35094970017,125669.50519749388,0.07519999999999999,0.007286685514016603,49416.21521008283,12090.5339059742,397084.0821345474,83164.17459552165,0.07519999999999999,0.007286685514016603,28036.278993192194,5695.459029458752,139534.02616834105,39291.135570886836,0.07519999999999999,0.007286685514016603
227,CA,44289.3178728,65099.75013296606,1665.9672352347864,365335.3211586483,95654.27151734491,0.1864,0.012847577090502956,37445.49584285178,9024.622755195101,302444.1693845945,63416.429767433416,0.1864,0.012847577090502956,21659.40677159363,4304.718808870062,106346.26125345247,30046.77128633838,0.1864,0.012847577090502956
228,NJ,18927.05892,17582.707635422157,446.4280666421841,100486.96413147739,26303.513192193375,0.1168,0.008409821251139463,10224.744675142112,2513.2988726378107,80476.24170036237,17183.559894611717,0.1168,0.008409821251139463,5921.638512087557,1199.5945918027294,28612.552838849108,8213.369550290274,0.1168,0.008409821251139463
229,FL,541313.885112,389995.56212564884,11175.938571628116,2234808.0718920548,586059.8879585428,0.09390000000000001,0.0065470595407893534,231777.98344860403,56287.963507660876,1854768.2499010335,392189.67858634563,0.09390000000000001,0.0065470595407893534,132900.45291751195,27425.812796209888,665432.3794689531,186448.8648059189,0.09390000000000001,0.0065470595407893534
230,WI,69651.5768256,47461.255130631704,1367.213220199897,264460.8405923589,70551.20724832907,0.0868,0.006263992810294974,27671.01209091011,7038.6202399024905,221435.68766377962,46477.373178886344,0.0868,0.006263992810294974,15869.931786109666,3272.549090735102,80691.61104780476,22281.796297946672,0.0868,0.006263992810294974
231,MT,47317.6473,31263.127438274787,859.5492246830221,176491.35197977046,46492.552000284704,0.078,0.007195373665470028,17977.0264569401,4522.083940773098,143155.6923896032,30269.90383587856,0.078,0.007195373665470028,10573.428262397627,2106.961168803559,52115.977057781754,14682.543362666322,0.078,0.007195373665470028
232,CA,68137.412112,99644.33855349662,2780.8273970870637,569669.3324178974,147966.64746176125,0.1864,0.012847577090502956,57855.177587739745,14664.830927461551,460788.47654053813,97415.76766517766,0.1864,0.012847577090502956,33054.481483638534,6673.125403590081,165438.0823392678,46412.60936973884,0.1864,0.012847577090502956
233,WI,60945.12972240001,42292.155559822364,1260.823854636949,238492.5705718147,62479.24164740487,0.0868,0.006263992810294974,24600.49187839439,5938.836743851212,191853.73711927212,41552.68246340305,0.0868,0.006263992810294974,13781.175791737951,2896.7990734369664,68081.77135977965,19418.961350484467,0.0868,0.006263992810294974
234,MA,5867.3882652,8177.724121772512,226.68481825588373,45797.744731229424,12144.880677045709,0.1788,0.012126213486985022,4770.338564767756,1181.3592347808064,38502.219274450894,8135.132367909951,0.1788,0.012126213486985022,2723.9751434639948,554.0531386127641,13502.494568619093,3806.6190621963046,0.1788,0.012126213486985022
235,CA,19305.6000984,27815.01003550688,818.68417512515,158827.16423271372,41711.039747139745,0.1864,0.012847577090502956,16496.525623687383,4231.116437802596,129158.66711706617,27552.272698294586,0.1864,0.012847577090502956,9459.512097141156,1832.6628892826652,46680.16223350695,13312.814036099018,0.1864,0.012847577090502956
236,CA,37097.0354832,53543.24383745355,1526.136933802832,310075.3796452006,80227.74909253958,0.1864,0.012847577090502956,31184.522080765324,7773.556590509439,253037.59407269946,52829.75343425737,0.1864,0.012847577090502956,17813.2423602935,3612.7207765470594,87867.27596483954,24925.193426756054,0.1864,0.012847577090502956
237,MD,499674.355488,426206.8156631376,13684.635163460567,2574589.004354765,661691.3250596914,0.09939999999999999,0.012162738226403652,266697.95007349865,63639.335287754366,2094956.8985341585,443575.25064991275,0.09939999999999999,0.012162738226403652,151571.46054846141,31063.671248584753,771868.8041574566,214146.21725790427,0.09939999999999999,0.012162738226403652
238,MT,98420.706384,63691.54042943413,1818.153783794746,367680.652981408,95394.31474268096,0.078,0.007195373665470028,37011.77540079744,8795.503151957693,295732.4371079377,62138.296993676886,0.078,0.007195373665470028,21562.52885793968,4376.070586310206,111416.49407125669,30483.55332270963,0.078,0.007195373665470028
239,SC,28390.58838,14688.778140326775,436.49471862194173,84382.61540092439,21998.36963016664,0.0668,0.004711691385003216,8607.407612599909,2146.1499582669085,70289.09840721791,14847.575039474743,0.0668,0.004711691385003216,4918.431164344515,1022.055967448543,24304.912097451434,6905.462450392853,0.0668,0.004711691385003216
240,CO,45424.941408000006,32333.92897908694,950.96140483509,183108.3074918799,48178.10840220012,0.085,0.0077523759416041295,18879.027616437423,4604.709015195089,152413.37141715642,32312.907690329754,0.085,0.0077523759416041295,10795.230007918317,2196.206837334053,53350.67001550022,15018.899396471998,0.085,0.0077523759416041295
241,UT,128704.00065600002,81774.83130979277,2058.341718431333,467252.6569829851,123018.99319139052,0.0699,0.009122053669802739,48900.286478626425,12193.005405696353,383609.32485264743,81259.53300383847,0.0699,0.009122053669802739,28455.657904775864,5898.958549135061,138063.24921144996,39388.4351509022,0.0699,0.009122053669802739
242,UT,11734.7765304,7667.482151396289,212.4366665263351,44816.67315497812,11498.490654231695,0.0699,0.009122053669802739,4481.006791300089,1097.3975419628364,36122.217993297425,7519.499993803675,0.0699,0.009122053669802739,2595.4855586892472,512.3173670617786,12462.50375933456,3598.6296887316307,0.0699,0.009122053669802739
243,MI,23469.5530608,16181.9088446065,418.30433549206845,91969.64813859097,23989.80088427199,0.0816,0.007761507126458787,9404.824596018421,2327.305696368513,74236.74935937744,15832.647910625512,0.0816,0.007761507126458787,5536.211558885356,1136.1974940966863,26531.240268799942,7676.749834153943,0.0816,0.007761507126458787
244,CA,454249.41408,656218.3378973929,18432.423583644515,3802190.8446511026,979563.4421580133,0.1864,0.012847577090502956,390132.0264302589,98227.14586310189,3026336.919600803,650973.3343285104,0.1864,0.012847577090502956,217653.40375097844,43364.19264417682,1108636.716952782,305197.23502135393,0.1864,0.012847577090502956
245,WI,423966.1198080001,288043.2370817744,8248.264093540438,1665417.8072957932,432241.5221813917,0.0868,0.006263992810294974,169461.8156323228,40130.2062417412,1365619.9479024492,287394.40796328476,0.0868,0.006263992810294974,97231.74112193218,19164.618686250327,502267.38757323567,137214.88456295055,0.0868,0.006263992810294974
246,CA,52995.764976000006,77565.03444189289,2037.490396663358,434363.6578261274,114598.17590188174,0.1864,0.012847577090502956,44856.21530753116,10704.430305677653,358432.91727425985,75349.12803133113,0.1864,0.012847577090502956,25930.555886966995,5030.67040474967,126989.47305447089,35983.789052016255,0.1864,0.012847577090502956
247,MA,208197.64812,283764.2406270346,8119.367226987269,1620331.5749658511,427516.9695144722,0.1788,0.012126213486985022,170522.80754030513,41841.81914345276,1332239.7881327698,283317.55924467044,0.1788,0.012126213486985022,98441.86528394802,19250.333645756113,472307.06530761207,136283.39442230825,0.1788,0.012126213486985022
248,CA,119997.5535528,174535.63931627356,4773.2627142742795,989169.3774180315,260101.07443237185,0.1864,0.012847577090502956,102208.22168557157,25247.919455796567,821536.6676114167,172551.99827346677,0.1864,0.012847577090502956,58312.96355857405,11816.622960546945,294613.51645187073,81918.81616082991,0.1864,0.012847577090502956
249,MI,15141.647136,10532.939035673226,301.08846578767145,59589.375778457754,15608.579379990608,0.0816,0.007761507126458787,6114.741091319288,1514.3351157802474,48846.09685560105,10450.336898249776,0.0816,0.007761507126458787,3471.0367057087687,719.085125841742,18197.955597902615,4917.389967807894,0.0816,0.007761507126458787
250,GA,158987.29492800002,86662.87692834652,2657.8547995775803,488651.5462322926,129300.6595263212,0.0688,0.004894315082096365,50124.71134202392,12694.664415753066,401253.8367154148,83715.52813478165,0.0688,0.004894315082096365,28717.106873201126,5815.901596257198,144589.38838395276,39971.43139601452,0.0688,0.004894315082096365
251,VA,18737.7883308,12251.197131064691,304.5039718263684,71041.99283060976,18279.311671678635,0.0892,0.004611248351601985,7174.645187907707,1788.7333072428498,56789.38497910349,12039.571259605229,0.0892,0.004611248351601985,4074.426043791359,844.7330327434894,19994.056155647108,5709.646237113116,0.0892,0.004611248351601985
252,WA,813863.5335600001,536295.1664370038,15245.602160821447,2909138.9726518407,791559.8301263847,0.0635,0.010391288364600118,307815.4723988719,76631.81158000456,2482642.428515256,519157.2111412387,0.0635,0.010391288364600118,175012.46036961023,35583.956406643134,916732.2270495999,247928.85673186876,0.0635,0.010391288364600118
253,OH,21955.3883472,13232.291722925755,381.97672932859484,75205.99142914523,19719.20369400299,0.0703,0.007067537077504825,7890.12686474946,1976.8797575572326,62732.33706554899,13263.106516115877,0.0703,0.007067537077504825,4459.157254952026,913.8711850940722,21672.043916597457,6240.604447433254,0.0703,0.007067537077504825
254,CA,111669.647628,160648.65223983268,4868.321340270144,935057.4414035804,240971.01521700245,0.1864,0.012847577090502956,95284.57952324241,22803.48572865606,755260.8723312106,160764.60764468065,0.1864,0.012847577090502956,55441.93181980775,11125.66772079642,282078.5521592504,77026.77612090477,0.1864,0.012847577090502956
255,MI,11356.235352000002,7861.973756452826,209.63149024487683,44278.271647821246,11592.263401835213,0.0816,0.007761507126458787,4584.887926775771,1144.1143116909554,35897.067322343086,7739.916384085628,0.0816,0.007761507126458787,2608.621182234934,518.9293152625165,12717.032882321133,3662.2728017263935,0.0816,0.007761507126458787
256,IN,77979.48275040001,51964.27806504327,1527.5911552647094,291099.5076643731,77559.83872100277,0.0824,0.006218336886021686,29796.39403845444,7465.26922202019,242281.29254582353,51167.907329059184,0.0824,0.006218336886021686,17052.44887350747,3507.001383611197,85971.87402480141,23841.853919726476,0.0824,0.006218336886021686
257,VA,204412.236336,136099.82695251587,3883.7957079971284,758237.9135429661,201497.92375261898,0.0892,0.004611248351601985,78773.68692601894,19170.464332898046,627228.8494400328,133344.47527413134,0.0892,0.004611248351601985,45563.21545238179,9213.170585166054,226578.30466858097,63594.21783393993,0.0892,0.004611248351601985
258,FL,51860.1414408,38051.698434336475,1096.1266357729517,215394.96222540064,56545.851361522626,0.09390000000000001,0.0065470595407893534,21978.4892976399,5411.89707683495,176005.0260074347,36697.4116846331,0.09390000000000001,0.0065470595407893534,12752.389543824644,2579.718481875043,63403.23824885704,17828.267802428338,0.09390000000000001,0.0065470595407893534
259,CA,56781.17676,81451.57143042407,2190.3758832807866,455562.27243048523,120747.07238863053,0.1864,0.012847577090502956,48059.62025580989,11756.109428668946,388228.6845345917,81610.53063819835,0.1864,0.012847577090502956,27380.156847074206,5455.71381816353,134838.89634867056,38168.093925876994,0.1864,0.012847577090502956
260,CA,24605.176596,35669.981210011385,996.0075331123293,201119.4209428691,52437.58779235485,0.1864,0.012847577090502956,20703.113614299116,4990.796096696296,165141.7690707005,34796.855308770944,0.1864,0.012847577090502956,11851.573527547267,2345.449442136727,56927.72712037672,16539.98156972791,0.1864,0.012847577090502956
261,NY,302832.94272,197913.27855728247,6122.728098302943,1112737.020735236,294312.2531667635,0.0687,0.009496432248843693,116428.76700724923,29395.007076869915,912577.4259529869,193875.66848195245,0.0687,0.009496432248843693,65882.08468495254,13365.621441514584,324788.911857927,92919.35151683495,0.0687,0.009496432248843693
262,DE,397468.23732,313857.4467612247,9019.103745472892,1777633.764742454,468974.04411517666,0.0785,0.012518854435735291,184908.1622539967,45895.845571117876,1476500.8440817392,312829.3267042793,0.0785,0.012518854435735291,103840.76125064539,21226.53962749254,531245.1983782268,146984.70870591683,0.0785,0.012518854435735291
263,CA,984207.06384,1420043.6431284286,39235.12880438522,8267940.367042039,2138342.363984504,0.1864,0.012847577090502956,842769.6853836044,205559.67184966695,6634663.015429063,1392183.7464808086,0.1864,0.012847577090502956,481275.1392286357,94542.9555358696,2455530.694960816,677086.5999224352,0.1864,0.012847577090502956
264,CA,435322.35516,636871.5294301822,16642.168634405047,3601185.880749703,945027.2404451296,0.1864,0.012847577090502956,369525.37589322694,89592.64008698128,2900967.5569631034,613275.4271646175,0.1864,0.012847577090502956,207153.91000995453,42858.64502530167,1046279.0256846164,290558.0452695426,0.1864,0.012847577090502956
265,CA,94635.2946,131932.8804108204,3480.995612745418,796717.7786966445,202351.74217905969,0.1864,0.012847577090502956,81099.5543132136,19876.404506264567,633645.3345097473,134005.15207414553,0.1864,0.012847577090502956,46257.52273105514,9250.783860236337,222206.70513434778,63904.14080707385,0.1864,0.012847577090502956
266,CT,32176.000164000005,35333.85437421125,1038.94943768553,212338.08914508324,54537.55588422008,0.15689999999999998,0.007925868453842619,21435.40150399074,5406.674600107728,168849.2495657094,35635.48400169034,0.15689999999999998,0.007925868453842619,12328.339473008498,2476.4760568440656,61119.04221109616,17148.04823672606,0.15689999999999998,0.007925868453842619
267,MN,14763.1059576,10401.918377518748,284.39601717270756,58233.12543000652,15421.928041429906,0.092,0.00564307224017827,5989.022510374922,1487.882291408093,47442.16089531536,10034.362694548756,0.092,0.00564307224017827,3482.1060557376086,689.4950750043981,17437.504838356213,4873.006854750216,0.092,0.00564307224017827
268,MI,8327.905924800001,5492.04272371203,139.175196849001,32531.609748515013,8381.18466763608,0.0816,0.007761507126458787,3329.9064031329644,836.9898019013219,27220.910353652285,5632.20297122025,0.0816,0.007761507126458787,1925.1268183910652,377.13318445258705,9852.290134881872,2729.2770960233206,0.0816,0.007761507126458787
269,OH,5678.117676000001,3480.895633325122,93.89610844896865,19006.322263787457,5088.472484494867,0.0703,0.007067537077504825,2017.0254488476921,499.23751686553476,16126.293622600295,3399.273277098528,0.0703,0.007067537077504825,1139.75652030324,231.36591920694303,5562.486190153062,1585.9907210146428,0.0703,0.007067537077504825
270,OH,18927.05892,11938.971746649691,342.50646208762436,65133.496746538454,17552.49220614476,0.0703,0.007067537077504825,6708.602864153581,1620.9159773401243,53777.556977906635,11481.352889024283,0.0703,0.007067537077504825,3915.4361065066823,746.9164997888125,19259.188999325575,5467.9633875789705,0.0703,0.007067537077504825
271,FL,75708.23568,55868.495245202655,1603.6925480265886,312120.6458194472,82790.18403678175,0.09390000000000001,0.0065470595407893534,32646.334332060353,8081.009671919766,258778.0533819653,55068.39584252078,0.09390000000000001,0.0065470595407893534,18540.490009839094,3652.232327562684,92395.11406645317,25998.793168923225,0.09390000000000001,0.0065470595407893534
272,MI,10107.04946328,6978.168131353086,195.0452010150078,39031.80268939068,10340.090382489725,0.0816,0.007761507126458787,4097.778682225884,989.2090699552264,32229.76973977251,6851.704768412334,0.0816,0.007761507126458787,2304.465613378326,464.55953974703004,11291.006612636056,3218.1920190102414,0.0816,0.007761507126458787
273,IA,218796.8011152,125759.15722934381,3436.5622898585534,714287.6078211495,188350.48759120933,0.0691,0.006446616507388122,74297.11835053883,18733.902525564197,592255.6322944888,124624.19221976624,0.0691,0.006446616507388122,42647.736908139515,8517.067399998405,210275.62355808308,59155.50048048928,0.0691,0.006446616507388122
274,WI,136274.824224,90718.53981422857,2184.036544514137,523494.54111493524,137926.4010743249,0.0868,0.006263992810294974,53980.372480710066,13402.172236707633,430266.6583843697,89449.48070400357,0.0868,0.006263992810294974,31447.71393917442,6191.306081735828,156226.86141687562,43845.084476922864,0.0868,0.006263992810294974
275,AR,60566.588544000006,37608.39716256053,1033.1654764255932,212424.0170184816,55417.728198669145,0.0687,0.008628969687651238,22514.268391137608,5495.129447455444,178433.2471109145,38157.40882039619,0.0687,0.008628969687651238,12704.427145003818,2517.6558245709907,62506.291360563184,17751.438815565834,0.0687,0.008628969687651238
276,MI,10409.882406,7305.018159032815,198.47440112095495,41712.2310280893,10847.927336187011,0.0816,0.007761507126458787,4192.403825516429,1030.9445072088868,33725.26922716721,7032.810994846793,0.0816,0.007761507126458787,2357.18322299487,454.4453339248726,11704.95125514634,3289.2232971141198,0.0816,0.007761507126458787
277,OH,22981.234940664,13873.945026509273,373.75433323468417,77421.1963697957,20656.157303767744,0.0703,0.007067537077504825,8168.132954368948,1998.9330991086342,64102.683999497654,13631.840641300869,0.0703,0.007067537077504825,4674.715186287254,941.0393420248078,24043.735838272416,6605.131108023982,0.0703,0.007067537077504825
278,CA,223339.295256,326158.97878326755,9660.355190463151,1800954.0501953354,485352.5944600788,0.1864,0.012847577090502956,192321.99862434174,47962.251743623594,1545749.2185018903,328254.05605774437,0.1864,0.012847577090502956,108531.55978821423,22046.803613634547,531568.1238486645,150952.59714117952,0.1864,0.012847577090502956
279,NY,204412.236336,132982.30653194955,3832.3984400286877,763816.9358383853,199044.0595055374,0.0687,0.009496432248843693,78097.07411725831,18820.422789471162,626501.252329621,133785.25537370297,0.0687,0.009496432248843693,44434.58653213344,9058.002602149949,217853.5625278372,61804.12444420588,0.0687,0.009496432248843693
280,MN,15141.647136,10453.192186287062,297.02587586785415,59982.76269793658,15481.6502908122,0.092,0.00564307224017827,6194.566894198898,1534.5069259995164,48869.3854859742,10358.039385285503,0.092,0.00564307224017827,3545.1285424470784,745.4645722731109,17586.895908435778,4978.968098753591,0.092,0.00564307224017827
281,NY,45424.941408000006,29626.581367395185,915.9320815194405,167758.12112155862,44522.27897849543,0.0687,0.009496432248843693,17447.328158812234,4281.275299489336,140436.50253255054,29942.11548831059,0.0687,0.009496432248843693,9967.697705247476,2063.479302927004,49780.27065404007,14076.05264298482,0.0687,0.009496432248843693
282,CA,75708.23568,112241.94506704126,3252.330573892499,619311.8534614923,163549.95273651264,0.1864,0.012847577090502956,63840.05188155819,15255.434048386438,513207.0973843204,108000.06629347465,0.1864,0.012847577090502956,36634.05999061027,7291.169645223662,189113.03424645535,51836.413399908706,0.1864,0.012847577090502956
283,CA,38989.74137520001,54856.43916911509,1583.8095028613625,323940.60266459227,83502.92940424413,0.1864,0.012847577090502956,32914.45925298879,8079.429493512399,268448.0856941311,56465.36502524101,0.1864,0.012847577090502956,18710.590451768352,3960.860224640476,90721.97381869132,25984.922546142945,0.1864,0.012847577090502956
284,CA,124918.588872,181432.32253798487,5191.602957987869,1024800.6831538467,272563.18357858126,0.1864,0.012847577090502956,106162.63108450526,26306.0063808535,842285.1480508553,178419.7224319424,0.1864,0.012847577090502956,61276.52389337508,12752.509826916037,306574.0729475726,85642.49115295844,0.1864,0.012847577090502956
285,CA,58673.882652,83529.07028493838,2210.856920723723,480291.4556101823,124917.06878085644,0.1864,0.012847577090502956,49715.26708948611,12399.609949215319,405355.4307029498,85106.97861818931,0.1864,0.012847577090502956,28747.317321205228,5720.265129895065,143471.27357466886,40172.501420137276,0.1864,0.012847577090502956
286,MN,90282.07104840002,61915.953339002415,1791.6080284782627,364919.9655503395,94701.92631891195,0.092,0.00564307224017827,36951.597747998945,9057.276788306475,296995.65850803204,62557.04774091184,0.092,0.00564307224017827,21019.93400244442,4234.133358700927,101878.71050147511,29216.24635742306,0.092,0.00564307224017827
287,CA,60566.588544000006,88481.40987299052,2468.6577811530046,491947.9801391374,130734.87246281946,0.1864,0.012847577090502956,51742.76840412475,12461.432971323356,402112.04207404744,85777.69975286865,0.1864,0.012847577090502956,29165.592393052822,5964.938174001809,143326.046058935,41083.06819538019,0.1864,0.012847577090502956
288,WI,18510.66362376,12275.649267097417,366.4692106977125,69703.41796472506,18457.40076557907,0.0868,0.006263992810294974,7412.976939724402,1832.5111256443702,58215.37603989299,12589.336201366197,0.0868,0.006263992810294974,4229.63231185483,888.1523179176298,21352.877402441714,5916.423952565523,0.0868,0.006263992810294974
289,IN,45424.941408000006,29162.992886152722,881.6257497555066,170805.26159873186,44223.75401716287,0.0824,0.006218336886021686,17333.89113142673,4334.984978105653,136995.3083716268,29101.970438139408,0.0824,0.006218336886021686,9886.399567505898,1942.4044166677281,48711.661299079635,13886.761146685021,0.0824,0.006218336886021686
290,OH,386112.001968,231689.9970917191,6353.987670688114,1335527.0541633812,348226.006527703,0.0703,0.007067537077504825,137067.98650060678,33936.986618961724,1066329.150258513,230170.0464883221,0.0703,0.007067537077504825,76817.95056830175,15194.868914294586,382719.6920710375,108244.08754804234,0.0703,0.007067537077504825
291,CA,68137.412112,100996.16698225366,2864.0310484537013,558515.9164558377,148201.43710992867,0.1864,0.012847577090502956,57373.60830379618,14244.911769902985,461595.94753179984,97544.42973160422,0.1864,0.012847577090502956,33241.38002878844,6768.731518532816,162480.03033321956,46092.54071252965,0.1864,0.012847577090502956
292,CO,189270.5892,135408.29190472973,3906.8804928675204,769495.6793081692,202667.14772905243,0.085,0.0077523759416041295,78738.87551402434,19942.995150146053,614753.4235594288,130944.55931420515,0.085,0.0077523759416041295,45002.52254392727,8891.38938866505,227030.19191760372,63186.62491634785,0.085,0.0077523759416041295
293,MD,22712.470704000003,20535.659668648867,581.8762815101094,118421.14155647205,30744.3947326993,0.09939999999999999,0.012162738226403652,12083.804288614629,2944.5320749428583,96018.8446897667,20305.864174047525,0.09939999999999999,0.012162738226403652,6826.419616562351,1420.342564668319,33796.623097843156,9493.379747761825,0.09939999999999999,0.012162738226403652
294,NY,757082.3568000001,505313.58853601594,14032.390759771424,2715458.9286975777,741471.6205397698,0.0687,0.009496432248843693,289159.5915625186,74163.94535599412,2323971.339061071,490119.1604981407,0.0687,0.009496432248843693,165739.14433698138,32189.800733001408,853670.4329467273,233908.34064043208,0.0687,0.009496432248843693
295,WI,13248.941244,8639.806624297933,236.88089915959148,51519.88589373168,13259.668913569642,0.0868,0.006263992810294974,5212.284221369191,1342.549802376674,42166.05604927241,8833.376210430884,0.0868,0.006263992810294974,3043.3466851423723,610.8280154623404,15143.207814395077,4230.981430321097,0.0868,0.006263992810294974
296,NJ,102206.118168,94802.36752010214,2442.3533845629563,534179.0699657704,140343.43914365943,0.1168,0.008409821251139463,55085.4070892531,13389.024064977226,436875.17141031055,92253.50364684855,0.1168,0.008409821251139463,31332.48066348041,6525.384409679844,155040.41452698605,43927.5596373763,0.1168,0.008409821251139463
297,WI,1003134.1227600002,677568.1144316568,18534.27195050346,3919020.7941817064,1021175.7941141573,0.0868,0.006263992810294974,400496.2654119986,104802.32300616728,3169836.800036987,673584.0662322287,0.0868,0.006263992810294974,230741.71288657468,46221.47952703067,1186496.9258722824,326064.10773554497,0.0868,0.006263992810294974
298,CA,121133.177088,177316.27794941317,4584.073672140771,1003822.4660507657,262237.81372071174,0.1864,0.012847577090502956,103635.69877387075,26134.56578756187,829760.7289996258,174131.24628961153,0.1864,0.012847577090502956,58883.6735383084,11614.921380279477,294336.08183446864,82106.01686402837,0.1864,0.012847577090502956
299,CA,662447.0622,975594.441562565,27884.210483516203,5412353.806813002,1440505.1401189934,0.1864,0.012847577090502956,563815.1157947434,142089.5288682556,4464080.669494528,951284.6826420239,0.1864,0.012847577090502956,324852.15096689656,64651.61782031659,1624399.972576553,454123.81832649553,0.1864,0.012847577090502956
300,CA,37854.11784,53942.46920512454,1509.3492749325144,303629.7730353984,80417.2699371313,0.1864,0.012847577090502956,31947.912708082116,7985.875199378174,253295.52351953596,52898.88934381752,0.1864,0.012847577090502956,18567.263186253564,3709.367785616408,89722.8354773557,25853.364218477895,0.1864,0.012847577090502956
301,CA,73815.529788,105831.22316271512,3098.2496290830336,593406.7799963757,157993.1078980229,0.1864,0.012847577090502956,62733.20159029261,15818.77020637683,493442.03847171733,104622.00228864112,0.1864,0.012847577090502956,35781.09184648383,7149.24575760629,175602.15384917788,49790.535624397984,0.1864,0.012847577090502956
302,WA,29071.96250112,19149.205281008995,573.7000250428572,109453.54991211473,28425.288993799466,0.0635,0.010391288364600118,10944.703260122107,2776.6809081840815,86144.87012064719,18390.661598051684,0.0635,0.010391288364600118,6299.132402232814,1298.705520927063,31455.55459274439,8774.227704663765,0.0635,0.010391288364600118
303,VA,22712.470704000003,14865.661524590823,418.46209899767524,86043.24727258284,22115.60386555597,0.0892,0.004611248351601985,8666.644322127868,2210.912424702337,68912.09065816333,14566.751012904542,0.0892,0.004611248351601985,4935.847878593215,1002.4383038031443,24507.81197092311,6849.31443218777,0.0892,0.004611248351601985
304,NC,1135.6235352,663.4834379471516,18.253018801525727,3728.163233070161,991.4982376372553,0.07150000000000001,0.006127025037475113,384.7405543003785,98.12601288342178,3066.234972505118,646.0963607079614,0.07150000000000001,0.006127025037475113,222.9944916560854,46.79452948161779,1142.2261036382579,314.3196261721825,0.07150000000000001,0.006127025037475113
305,CA,45424.941408000006,66357.58235520964,1924.2738313186992,377254.32006430277,99079.91312142852,0.1864,0.012847577090502956,38756.17109969186,9399.702310641898,305013.20783186145,64701.90517880635,0.1864,0.012847577090502956,21912.074787168414,4358.359444973479,107003.59712936528,30586.3497910167,0.1864,0.012847577090502956
306,CA,68137.412112,99431.16701848918,2885.3050487802366,554950.8878781499,147576.05910379367,0.1864,0.012847577090502956,57748.18262229815,14055.889888788972,453629.9957781929,95028.92175520382,0.1864,0.012847577090502956,33151.92855814342,6574.333530947414,161782.59085475252,45857.18427058126,0.1864,0.012847577090502956
307,MT,143.845647792,93.8269329382845,2.405870440300598,538.6814625841065,140.06469104010236,0.078,0.007195373665470028,54.9433316630177,13.397768560680971,438.1485036748725,92.80682932910693,0.078,0.007195373665470028,31.294944833196077,6.410876373936448,159.5732096904188,43.94379895778764,0.078,0.007195373665470028
308,NY,34068.706056,21688.54017460857,606.0231367663263,128822.25909678146,33187.42027691353,0.0687,0.009496432248843693,13253.153596986442,3282.788519523477,104923.0556290396,22583.74823848214,0.0687,0.009496432248843693,7529.912842242615,1470.9926951167754,36949.17089194407,10467.295417374482,0.0687,0.009496432248843693
309,WI,12226.88006232,8272.79244974336,239.30923645449093,46040.002882879104,12324.878404452431,0.0868,0.006263992810294974,4848.811145741018,1183.6009763166446,38729.922593684234,8165.9148994731695,0.0868,0.006263992810294974,2783.773020670103,558.8996670811272,13665.436897303602,3883.306980281144,0.0868,0.006263992810294974
310,CA,56781.17676,82606.97261765563,2301.004716212526,464716.58974026464,122145.87664524035,0.1864,0.012847577090502956,48424.715526074695,11761.294462517744,387152.10529996007,82892.84390416306,0.1864,0.012847577090502956,27389.26630876571,5435.628729339031,134476.38648676468,38447.118521459735,0.1864,0.012847577090502956
311,CA,323274.1663536,462097.01810536045,13596.14368134834,2651780.226102222,691559.5019142347,0.1864,0.012847577090502956,276772.9739466362,71006.4907067875,2219248.1222924683,473166.943654565,0.1864,0.012847577090502956,158684.25013211567,33217.43912764482,762914.62714794,221062.10341567517,0.1864,0.012847577090502956
312,CA,34068.706056,49892.50581116874,1453.2215731027545,288486.1303923502,75202.72691462199,0.1864,0.012847577090502956,29118.558692319013,7010.955338813336,225433.5481982074,48190.906254730544,0.1864,0.012847577090502956,16594.52091223729,3480.0246021487055,83559.08027969304,23269.40695193068,0.1864,0.012847577090502956
313,IL,32668.103695920006,21235.785235866373,647.5804300114713,122999.66558986953,31796.176443293934,0.08199999999999999,0.00683925745613839,12867.581423369593,3096.3659913143474,100579.49639890822,21552.36465539326,0.08199999999999999,0.00683925745613839,7181.431428748674,1459.8904874142595,34997.7303081503,10145.280368848007,0.08199999999999999,0.00683925745613839
314,SC,109776.941736,56042.16129011294,1599.5418385494797,321523.1433462512,84411.38068201911,0.0668,0.004711691385003216,33598.88648623097,8236.275915543774,267429.5027253824,56646.26608664221,0.0668,0.004711691385003216,19306.847897766656,3754.4084522576272,98422.98486392466,27412.919225269747,0.0668,0.004711691385003216
315,CA,28390.58838,40197.35236145295,1233.0984673131388,234572.0476550782,60824.34905905082,0.1864,0.012847577090502956,24109.363044216498,6066.637167739017,187207.14907372132,40338.159808278084,0.1864,0.012847577090502956,13735.122465641405,2700.825726571048,68379.55046234005,19292.605914887874,0.1864,0.012847577090502956
316,NM,49210.353192,22959.290779917013,658.679406170512,133175.8701954748,34126.859928844,0.0575,0.004611248351601985,13514.16522253224,3322.895902654981,106311.05559447502,22748.377867281168,0.0575,0.004611248351601985,7749.268687819669,1510.2835088090671,38413.76119987791,10820.361376716117,0.0575,0.004611248351601985
317,IL,45424.941408000006,30175.211916564785,884.1261041436746,171371.0443441226,44471.73980010535,0.08199999999999999,0.00683925745613839,17721.191957007955,4288.121091833825,141075.15609333848,29707.267533793467,0.08199999999999999,0.00683925745613839,10212.182384988717,2090.82875636018,49723.97998559214,14267.309115711945,0.08199999999999999,0.00683925745613839
318,CO,11356.235352000002,8219.812234238972,238.3579969188095,46493.702121323,12191.102705003299,0.085,0.0077523759416041295,4707.340882934772,1169.1639847571255,37396.01709296686,7971.196461824999,0.085,0.0077523759416041295,2704.4418213170734,527.7234880965725,13408.01781681417,3758.0110385420403,0.085,0.0077523759416041295
319,CA,162772.706712,236828.00465582346,6940.4342982578255,1366188.8523031399,355098.46111903846,0.1864,0.012847577090502956,137051.81552546576,33394.03099336199,1101453.6140454162,231334.026875907,0.1864,0.012847577090502956,78821.35508384119,15659.260814617313,382737.3531130128,109531.71967377875,0.1864,0.012847577090502956
320,CA,52995.764976000006,76496.65479186198,1954.4213406053252,442677.65782109153,114705.67153844656,0.1864,0.012847577090502956,45011.981858773426,11270.727504243348,356329.6982142767,75346.59562580311,0.1864,0.012847577090502956,26203.830193860544,5264.621181937178,126794.73442324225,36002.942378345484,0.1864,0.012847577090502956
